"","batter_id","batter_name","bat_hand","avg_runs_per_dismissal_vs_pitch_length_full","avg_runs_per_dismissal_vs_pitch_length_good_length","avg_runs_per_dismissal_vs_pitch_length_short","avg_runs_per_dismissal_vs_pitch_length_short_of_a_good_length","avg_runs_per_dismissal_vs_pitch_length_yorker","avg_runs_per_dismissal_vs_pitch_length_full_toss","strike_rate_vs_pitch_length_full","strike_rate_vs_pitch_length_good_length","strike_rate_vs_pitch_length_short","strike_rate_vs_pitch_length_short_of_a_good_length","strike_rate_vs_pitch_length_yorker","strike_rate_vs_pitch_length_full_toss","avg_runs_per_dismissal_vs_pitch_line_down_leg","avg_runs_per_dismissal_vs_pitch_line_on_the_stumps","avg_runs_per_dismissal_vs_pitch_line_outside_offstump","avg_runs_per_dismissal_vs_pitch_line_wide_outside_offstump","avg_runs_per_dismissal_vs_pitch_line_wide_down_leg","strike_rate_vs_pitch_line_down_leg","strike_rate_vs_pitch_line_on_the_stumps","strike_rate_vs_pitch_line_outside_offstump","strike_rate_vs_pitch_line_wide_outside_offstump","strike_rate_vs_pitch_line_wide_down_leg","pct_shots_by_shot_type_vs_pace_cover_drive","pct_shots_by_shot_type_vs_pace_cut_shot","pct_shots_by_shot_type_vs_pace_on_drive","pct_shots_by_shot_type_vs_pace_pull","pct_shots_by_shot_type_vs_pace_push","pct_shots_by_shot_type_vs_pace_square_drive","pct_shots_by_shot_type_vs_spin_defended","pct_shots_by_shot_type_vs_spin_on_drive","pct_shots_by_shot_type_vs_spin_push","pct_shots_by_shot_type_vs_spin_sweep_shot","pct_shots_by_shot_type_vs_pace_defended","pct_shots_by_shot_type_vs_pace_flick","pct_shots_by_shot_type_vs_pace_left_alone","pct_shots_by_shot_type_vs_pace_slog_shot","pct_shots_by_shot_type_vs_pace_straight_drive","pct_shots_by_shot_type_vs_pace_upper_cut","pct_shots_by_shot_type_vs_spin_cover_drive","pct_shots_by_shot_type_vs_spin_cut_shot","pct_shots_by_shot_type_vs_spin_left_alone","pct_shots_by_shot_type_vs_spin_slog_shot","pct_shots_by_shot_type_vs_spin_straight_drive","pct_shots_by_shot_type_vs_pace_ramp","pct_shots_by_shot_type_vs_pace_steered","pct_shots_by_shot_type_vs_spin_flick","pct_shots_by_shot_type_vs_spin_pull","pct_shots_by_shot_type_vs_pace_dab","pct_shots_by_shot_type_vs_pace_hook","pct_shots_by_shot_type_vs_pace_leg_glance","pct_shots_by_shot_type_vs_pace_slog_sweep","pct_shots_by_shot_type_vs_pace_sweep_shot","pct_shots_by_shot_type_vs_spin_dab","pct_shots_by_shot_type_vs_spin_leg_glance","pct_shots_by_shot_type_vs_spin_paddle_sweep","pct_shots_by_shot_type_vs_spin_reverse_sweep","pct_shots_by_shot_type_vs_spin_slog_sweep","pct_shots_by_shot_type_vs_spin_square_drive","pct_shots_by_shot_type_vs_spin_steered","pct_shots_by_shot_type_vs_pace_reverse_sweep","pct_shots_by_shot_type_vs_pace_reverse_scoop","pct_shots_by_shot_type_vs_spin_late_cut","pct_shots_by_shot_type_vs_pace_reverse_pull","pct_shots_by_shot_type_vs_spin_reverse_pull","pct_shots_by_shot_type_vs_pace_paddle_sweep","pct_shots_by_shot_type_vs_spin_paddle_away","pct_shots_by_shot_type_vs_spin_ramp","pct_shots_by_shot_type_vs_pace_late_cut","pct_shots_by_shot_type_vs_spin_reverse_scoop","pct_shots_by_shot_type_vs_spin_upper_cut","pct_boundaries_in_wagon_zone_1","pct_boundaries_in_wagon_zone_2","pct_boundaries_in_wagon_zone_3","pct_boundaries_in_wagon_zone_4","pct_boundaries_in_wagon_zone_5","pct_boundaries_in_wagon_zone_6","pct_boundaries_in_wagon_zone_7","pct_boundaries_in_wagon_zone_8","pct_caught_dismissals_in_wagon_zone_1","pct_caught_dismissals_in_wagon_zone_2","pct_caught_dismissals_in_wagon_zone_3","pct_caught_dismissals_in_wagon_zone_4","pct_caught_dismissals_in_wagon_zone_5","pct_caught_dismissals_in_wagon_zone_6","pct_caught_dismissals_in_wagon_zone_7","pct_caught_dismissals_in_wagon_zone_8"
"1",321777,"David Miller","LHB",84.5,29.5,NA,28,10,38,236.36,92.55,144.83,114.29,76.92,165.22,44,47.5,37.89,33.5,NA,137.5,142.32,120.07,248.15,NA,15.58,11.95,10.13,13.51,4.68,1.56,7.85,16.53,9.5,2.07,7.01,15.84,4.16,6.49,0.78,0.26,9.5,11.57,1.24,3.31,3.72,0,4.68,23.14,6.61,1.3,0.52,1.3,0,0.26,0.41,0.41,0,0,1.24,2.07,0.83,0,0,0,0,0,0,0,0,0,0,0,13.54,2.08,16.67,11.46,25,17.71,8.33,5.21,0,16.67,25,8.33,33.33,16.67,0,0
"2",230559,"Kieron Pollard","RHB",15.88,19.8,45,35.5,20,27,164.94,104.21,155.17,110.94,117.65,158.82,NA,12.3,36.83,12.5,NA,125,114.95,140.76,131.58,NA,9.58,3.33,12.92,12.5,5.83,0,12.79,17.44,9.3,0,10.42,19.17,10.83,9.58,2.5,0,1.16,0,5.81,10.47,3.49,0,2.5,30.23,4.65,0.42,0,0,0.42,0,0,1.16,0,0,3.49,0,0,0,0,0,0,0,0,0,0,0,0,0,12.77,10.64,17.02,25.53,10.64,10.64,0,12.77,0,22.22,22.22,33.33,0,11.11,0,11.11
"3",600498,"Aiden Markram","RHB",61.75,21.75,22.5,66,5,18,169.18,111.54,225,122.22,62.5,105.88,NA,47.33,26.81,33,NA,104,133.33,130.79,165,200,18.81,9.24,26.4,9.9,6.6,3.63,3.38,22.3,5.41,1.01,5.28,10.56,1.98,3.63,1.98,0,16.55,15.88,1.35,4.39,2.36,0,0.33,15.54,4.73,0.33,0.66,0.33,0,0,0.34,0.34,0.34,1.69,1.69,1.69,1.01,0,0.33,0,0,0,0,0,0,0,0,0,7.06,3.53,24.71,11.76,14.12,23.53,11.76,3.53,0,0,33.33,6.67,26.67,26.67,0,6.67
"4",422108,"KL Rahul","RHB",44.25,53.62,143,58,NA,99,160.91,103.37,275,125.7,95.24,186.79,NA,78.71,45.59,46,NA,188.1,134.72,129.17,143.75,NA,11.99,10.63,9.95,10.22,9.81,5.59,4.22,21.64,7.65,2.9,7.63,14.44,5.59,5.31,1.77,0.54,13.46,10.29,1.06,3.43,3.43,0.14,3.95,18.73,6.33,0.82,0.27,0.68,0.27,0.14,0.79,0.79,0.26,0.26,0.79,2.37,1.32,0.27,0,0.26,0,0,0,0,0,0,0,0,11.8,10.11,19.1,7.87,10.11,16.29,11.24,13.48,22.73,4.55,18.18,9.09,13.64,9.09,4.55,18.18
"5",290630,"Manish Pandey","RHB",20.33,31.43,15,32.4,3,NA,138.64,105.26,88.24,124.62,37.5,175,25,21.27,36.71,20,NA,156.25,130.73,103.63,117.65,NA,6.61,8.17,14.4,13.62,11.28,1.17,5.48,21,7.76,0,7.78,13.23,6.23,6.61,3.11,0,11.42,6.85,2.74,8.22,2.74,0,5.84,17.81,8.68,1.17,0,0.78,0,0,2.28,0.91,0.46,0,0.46,0.46,2.74,0,0,0,0,0,0,0,0,0,0,0,10,6.67,26.67,28.33,11.67,6.67,3.33,6.67,9.09,0,9.09,36.36,27.27,0,0,18.18
"6",554691,"Axar Patel","LHB",32.2,28.25,51,16.5,22,NA,191.67,95.76,242.86,106.45,91.67,190,NA,14.6,45,NA,NA,192.31,107.35,146.1,230.77,NA,9.86,4.23,17.37,15.02,6.1,1.41,9.92,24.43,6.87,1.53,5.16,18.31,5.63,8.45,3.76,0.94,9.92,8.4,3.82,0.76,2.29,0,1.88,16.79,10.69,0.47,0,0.47,0.94,0,0.76,0.76,0,0,3.05,0,0,0,0,0,0,0,0,0,0,0,0,0,1.85,5.56,24.07,18.52,24.07,11.11,9.26,5.56,0,0,10,20,40,10,10,10
"7",44828,"Faf du Plessis","RHB",37.83,44,24.2,53.62,NA,69,174.62,112.2,212.28,143.48,107.89,172.5,43.5,49.38,35.28,NA,NA,131.82,128.92,141.35,216.67,200,14.27,7.84,13.24,11.31,7.71,2.31,5.76,19.75,7.41,0.21,6.43,17.61,4.5,6.04,2.44,0.26,14.4,9.67,1.23,2.26,3.09,0.51,3.21,27.16,4.73,0.9,0.26,1.16,0,0,0,1.03,0,0.21,1.03,1.23,0.82,0,0,0,0,0,0,0,0,0,0,0,8,2.22,17.78,19.56,17.33,20.89,6.67,7.56,14.71,0,14.71,17.65,11.76,14.71,11.76,14.71
"8",604302,"Nicholas Pooran","LHB",21.36,23.14,49,39,29,19,188,98.18,204.17,174.63,111.54,190,41.5,25.33,21.29,29,NA,197.62,132.56,148.26,187.1,NA,10.45,7.67,11.5,13.24,8.01,4.88,6.99,13.44,10.75,5.38,3.14,12.54,9.41,8.36,1.05,0,8.06,11.29,1.61,4.84,1.61,0.35,2.79,13.44,7.53,1.39,0.35,2.79,1.05,0.35,1.61,0,1.08,1.61,7.53,0.54,2.69,0.35,0,0,0,0,0,0,0,0.35,0,0,10.59,12.94,8.24,10.59,14.12,20,16.47,7.06,21.74,13.04,8.7,13.04,13.04,8.7,21.74,0
"9",670025,"Shimron Hetmyer","LHB",58.5,24.89,54,58.5,13,51.5,205.26,124.44,154.29,127.17,92.86,251.22,33,27.44,42.25,107,NA,143.48,146.15,151.57,205.77,NA,11.62,3.51,10,13.24,6.49,2.43,16.99,11.11,7.19,1.31,3.78,11.89,7.57,21.35,2.16,0.27,13.07,12.42,2.61,2.61,1.31,0.54,2.43,20.26,3.92,1.62,0.27,0.54,0.27,0,0,0,0,0,5.88,0.65,0.65,0,0,0,0,0,0,0,0,0,0,0,7.22,5.15,12.37,13.4,29.9,18.56,7.22,6.19,6.25,0,12.5,12.5,31.25,37.5,0,0
"10",44936,"AB de Villiers","RHB",61,20.25,10,31,12,NA,244,102.53,125,140.91,70.59,208.33,NA,17.83,65,9,NA,33.33,146.58,158.54,81.82,NA,20.45,9.85,14.39,6.06,3.79,2.27,4.94,25.93,8.64,3.7,1.52,9.09,3.03,9.09,9.09,1.52,14.81,14.81,1.23,2.47,3.7,0.76,7.58,9.88,2.47,1.52,0,0,0,0,0,0,0,1.23,2.47,3.7,0,0,0,0,0,0,0,0,0,0,0,0,0,7.69,12.82,25.64,15.38,17.95,5.13,15.38,0,0,20,0,0,60,0,20
"11",277906,"Kane Williamson","RHB",15.17,28.29,36,63.5,NA,NA,89.22,95.65,240,104.1,50,161.54,NA,28.4,33.56,8.5,NA,150,92.21,105.59,113.33,NA,11.59,5.96,9.6,5.96,8.61,1.66,10.67,18.54,15.17,2.81,14.57,16.23,9.6,2.65,0.33,0.33,10.11,9.55,0.56,1.12,0.56,1.66,5.96,21.35,1.69,3.64,0.66,0.66,0.33,0,1.12,1.69,0.56,1.12,0,1.12,2.25,0,0,0,0,0,0,0,0,0,0,0,12.73,20,14.55,5.45,3.64,21.82,10.91,10.91,12.5,0,12.5,12.5,25,12.5,0,25
"12",288992,"Chris Jordan","RHB",4,19,NA,5.33,NA,NA,80,111.76,600,106.67,NA,133.33,NA,11,8.33,NA,NA,NA,122.22,119.05,100,NA,12,16,8,20,4,0,0,11.11,5.56,0,0,12,0,16,4,0,5.56,16.67,0,5.56,0,0,4,44.44,5.56,0,0,4,0,0,0,0,0,0,5.56,0,0,0,0,0,0,0,0,0,0,0,0,0,0,50,0,0,25,25,0,0,0,25,0,50,25,0,0,0
"13",325026,"Glenn Maxwell","RHB",52.14,28.53,29.75,69.67,20,28,201.66,147.08,238,129.81,71.43,186.67,29.33,28.69,51.33,34,NA,179.59,154.03,164.71,170,NA,9.27,9.76,9.27,12.2,3.66,7.56,3.71,16,5.14,1.71,5.37,15.12,4.63,13.41,0.49,1.22,10.86,7.71,1.71,11.71,2.29,0,2.93,16,6,0.24,0,0,0.24,0,0.57,0.57,0.86,9.14,2.86,2,0.86,3.41,0.24,0,0.98,0.29,0,0,0,0,0,0,5.85,12.87,15.79,15.2,5.85,20.47,11.7,12.28,8.33,8.33,12.5,16.67,12.5,8.33,12.5,20.83
"14",297433,"Jonny Bairstow","RHB",27.5,23.29,18.5,55,NA,NA,229.17,112.41,217.65,133.06,225,154.55,11.33,33.67,51,5,NA,170,178.76,123.79,100,NA,9.39,10.8,10.33,17.84,5.63,1.41,6.21,9.66,10.34,3.45,3.29,12.68,3.29,14.08,0.94,0.47,8.28,17.93,2.76,8.28,1.38,0.47,4.69,16.55,6.9,2.82,0.47,1.41,0,0,0.69,0,0,0.69,4.14,1.38,1.38,0,0,0,0,0,0,0,0,0,0,0,7.79,15.58,23.38,15.58,5.19,14.29,5.19,12.99,18.18,18.18,9.09,18.18,0,0,9.09,27.27
"15",308967,"Jos Buttler","RHB",34.2,50.89,47.5,55.17,6.4,99,186.89,120.84,263.89,126.34,84.21,225,NA,33,41.89,44.5,NA,146.15,135.15,146.06,174.51,0,14.63,8.06,9.55,8.21,8.51,4.33,3.67,12.33,8.33,1.67,9.25,15.22,4.33,6.72,2.09,0.3,10,6.33,3,7,3.33,1.34,2.99,23.67,7.67,0.75,0.3,3.13,0.15,0.15,0.33,1.67,1.67,5.33,0.33,2,1.33,0,0,0,0,0.33,0,0,0,0,0,0,10.95,5.47,18.91,18.41,15.42,11.44,7.96,11.44,18.75,0,6.25,37.5,6.25,6.25,0,25
"16",625371,"Hardik Pandya","RHB",40.14,21.08,35,61.25,32,58,188.59,88.46,170.73,144.12,84.21,170.59,NA,21.85,46,33,NA,128.57,116.87,135.29,173.68,NA,13.23,9.42,16.37,12.78,8.07,2.69,10.14,26.01,9.8,0,5.38,14.8,4.93,5.61,1.79,0.67,14.86,9.12,2.03,4.39,3.38,0.67,2.02,11.15,4.05,0.9,0.22,0.45,0,0,0,0.34,1.35,0,0.68,1.01,1.69,0,0,0,0,0,0,0,0,0,0,0,3.42,5.13,23.93,15.38,16.24,15.38,9.4,11.11,0,0,4.17,29.17,20.83,16.67,8.33,20.83
"17",8917,"Moeen Ali","LHB",43.5,13.53,22,35,NA,NA,168.93,110.05,206.25,141.13,41.67,182.35,18.5,29.6,22.15,11.5,NA,139.62,141.63,132.11,135.29,NA,15.28,6.31,7.97,12.29,6.64,2.66,5.61,10.75,7.48,3.74,11.3,16.94,5.32,5.65,1.99,0.66,15.42,7.01,2.34,8.41,3.27,0,3.65,17.29,7.48,1.33,0.33,1,0.33,0.33,0.47,1.4,0.47,0.93,5.61,0.93,1.4,0,0,0,0,0,0,0,0,0,0,0,9.57,4.26,18.09,9.57,14.89,24.47,14.89,4.26,10,15,10,10,20,25,10,0
"18",931581,"Rishabh Pant","LHB",51.75,46,6.8,28,NA,31,169.67,115.48,147.83,150,52.38,193.75,65,26.82,39,23.5,NA,180.56,147.5,125.81,138.24,NA,13.92,9.49,9.49,13.61,7.91,3.16,6.25,8.2,8.59,7.81,5.7,12.34,6.01,9.49,2.22,0.63,10.55,20.7,2.73,6.64,2.73,0.32,1.27,14.06,2.73,0.32,0.32,0.63,0.95,0.63,0.39,0,0,1.95,3.52,0.78,1.17,1.58,0,0,0,0.39,0,0,0.78,0,0,0,12.62,12.62,12.62,14.56,11.65,17.48,6.8,11.65,25,12.5,12.5,6.25,18.75,6.25,12.5,6.25
"19",34102,"Rohit Sharma","RHB",23.6,18.43,49.5,28.86,NA,49,146.58,109.63,330,110.38,66.67,204.17,42,20.12,29.45,6.5,NA,113.51,124.32,132.96,123.81,NA,10.37,5.87,9.98,11.35,8.22,2.15,8.76,13.14,8.39,9.49,11.35,18,4.31,5.28,1.57,0,9.85,6.57,2.19,3.28,0.73,0.59,6.07,19.71,4.01,1.57,0.2,1.96,0.39,0.39,0.36,1.46,1.09,1.46,4.38,2.19,2.55,0,0,0,0,0,0.39,0.36,0,0,0,0,13.77,13.04,18.12,11.59,12.32,10.87,9.42,10.87,8.33,11.11,8.33,27.78,8.33,8.33,8.33,19.44
"20",219889,"David Warner","LHB",97,36.5,33,33.18,NA,18,165.81,115.87,198,134.19,65,138.46,89,32.54,45,19,NA,150.85,126.27,144.23,105.56,NA,12.03,19.5,6.85,15.98,7.26,2.9,6.67,9.8,5.88,7.45,6.22,12.86,4.77,4.56,0.83,0.21,12.55,7.06,3.14,5.49,3.14,0,3.73,16.86,10.98,0.83,0.41,0.41,0.41,0.21,0.78,1.18,0.39,2.75,4.31,0.39,1.18,0,0,0,0,0,0,0,0,0,0,0,6.16,8.22,17.81,6.85,8.9,31.51,11.64,8.9,25,10,15,10,10,20,5,5
"21",28235,"Shikhar Dhawan","LHB",38,30.8,34.33,52.83,6.33,NA,179.88,115.79,187.27,99.06,67.86,173.47,26.33,26.28,48.57,NA,NA,106.76,123.5,127.34,192.86,NA,11.26,14.62,9.94,7.6,8.63,4.09,5.16,8.97,10.05,6.52,7.31,15.94,5.56,3.36,1.17,0.88,7.34,13.04,1.9,2.99,1.9,0.29,4.09,22.28,8.15,1.75,0.15,1.32,1.17,0.44,0.82,0.54,0.54,2.17,5.16,1.09,1.09,0.29,0.15,0.27,0,0,0,0,0,0,0,0,10.5,12.71,15.47,9.39,8.84,17.13,11.6,14.36,26.09,8.7,17.39,4.35,21.74,8.7,4.35,8.7
"22",398438,"Mayank Agarwal","RHB",26,38.43,13.4,27.56,NA,35,195,111.62,197.06,111.21,86.36,250,24.33,33.6,27.81,9,NA,158.7,142.98,122.93,163.64,NA,11.62,12.5,8.11,10.09,8.99,4.82,2.25,18.47,9.91,4.05,5.04,13.82,3.51,3.73,2.63,1.1,13.06,9.01,1.8,2.25,5.41,0,9.21,14.41,12.16,2.63,0.44,1.75,0,0,0.45,0.9,0.45,0.45,2.25,1.35,1.35,0,0,0,0,0,0,0,0,0,0,0,9.17,5.83,6.67,15,16.67,15.83,14.17,16.67,4,4,20,16,12,16,8,20
"23",425943,"Sanju Samson","RHB",27.82,44.3,41,29.8,19,57,180,129.53,195.24,127.35,73.08,228,20.5,46,30.04,55,NA,157.69,148.39,137.1,196.43,0,11.88,9.96,11.69,9,9.2,4.6,10.17,19.48,7.56,0.58,6.13,15.71,5.94,5.36,0.38,0.57,10.17,10.17,3.2,4.65,2.91,0.57,6.9,15.12,6.1,1.15,0,0.77,0,0,0.58,0.58,0,3.78,0.87,2.03,1.74,0,0.19,0,0,0.29,0,0,0,0,0,0,6.59,2.99,20.36,11.98,16.17,16.77,13.77,11.38,0,6.67,20,26.67,10,20,6.67,10
"24",446507,"Suryakumar Yadav","RHB",63.83,26.56,60,39.5,9,28.67,191.5,137.1,285.71,150.96,100,220.51,21,33.5,37.67,44.33,NA,144.83,165.14,148.68,255.77,NA,14.84,9.9,14.58,7.81,5.21,4.43,1.93,16.53,6.61,13.5,2.34,18.75,0.78,4.69,2.34,0.78,13.77,12.67,1.1,2.75,1.1,1.56,5.47,20.11,1.1,1.3,1.04,0.26,1.04,2.08,0.28,0,1.1,1.65,2.75,2.48,0.28,0.78,0,0,0,0,0,0,0,0,0,0.28,14.44,16.67,17.22,7.22,7.78,13.89,11.11,11.67,13.33,6.67,16.67,20,13.33,3.33,3.33,23.33
"25",446763,"Rahul Tripathi","RHB",23.36,30.43,17.6,44,NA,NA,180.99,127.93,220,127.91,42.86,283.33,16,25.69,30.26,NA,NA,165.52,145.22,136.26,283.87,NA,13.16,8.85,9.09,11.48,3.83,3.83,5.35,17.39,5.02,11.71,6.94,12.92,3.35,4.07,1.67,1.2,13.71,8.03,2.01,1,1.34,1.2,12.68,12.04,4.68,2.63,1.2,0.96,0.24,0.48,1.67,0,1,2.01,8.03,1.67,3.34,0,0,0,0,0,0.24,0,0,0,0,0,10.88,12.24,15.65,8.84,8.84,17.01,17.69,8.84,23.33,10,20,13.33,6.67,10,0,16.67
"26",475281,"Shardul Thakur","RHB",8.25,7.88,9.5,24,NA,14,97.06,114.55,271.43,114.29,116.67,233.33,6.5,14.5,9.33,5,NA,130,145,115.07,83.33,NA,7.95,6.82,15.91,12.5,5.68,0,10.64,12.77,17.02,10.64,2.27,17.05,6.82,19.32,1.14,0,8.51,2.13,0,2.13,0,0,1.14,21.28,2.13,0,0,3.41,0,0,0,4.26,0,0,6.38,0,2.13,0,0,0,0,0,0,0,0,0,0,0,11.11,16.67,16.67,22.22,5.56,16.67,11.11,0,8.33,8.33,16.67,33.33,0,16.67,8.33,8.33
"27",720471,"Ishan Kishan","LHB",91,26.17,11.78,32,2.33,NA,180.2,96.62,246.51,117.97,36.84,188.46,41.33,23.32,40.83,19,NA,169.86,111.87,145.4,152,100,10.78,9.41,9.22,13.53,9.22,2.75,7.96,17.4,7.08,3.83,7.84,12.55,2.75,5.29,1.96,0.78,7.96,5.31,0.29,6.49,4.72,0.2,8.82,18.29,10.32,2.16,0.2,1.96,0.2,0.39,0.59,0.88,0,0.59,5.6,0.29,2.36,0,0,0,0,0,0,0,0,0,0,0,10.19,5.1,12.1,16.56,15.29,22.29,8.28,10.19,34.48,0,13.79,0,17.24,20.69,10.34,3.45
"28",481896,"Mohammed Shami","RHB",3,7,NA,6,NA,NA,75,87.5,0,85.71,0,100,NA,NA,2,NA,NA,100,160,46.15,50,NA,8,4,8,8,0,12,0,0,0,0,0,16,0,40,0,0,0,0,0,0,0,0,4,0,0,0,0,0,0,0,0,0,0,0,0,0,0,0,0,0,0,0,0,0,0,0,0,0,0,0,100,0,0,0,0,0,0,0,0,100,0,0,0,0
"29",234675,"Ravindra Jadeja","LHB",49.33,22.5,13.5,NA,NA,25.25,157.45,109.76,142.11,125.35,96,224.44,NA,36.67,29.38,45,NA,96,129.41,147.8,195.65,NA,9.86,5.63,15.49,9.15,5.99,3.17,7.44,12.4,11.57,5.79,2.82,13.73,6.69,13.73,4.23,0.35,4.96,10.74,1.65,4.13,0.83,0.35,3.52,29.75,1.65,1.06,0,1.06,1.76,1.41,0.83,1.65,0,0,4.13,0.83,1.65,0,0,0,0,0,0,0,0,0,0,0,10.34,8.62,3.45,8.62,24.14,27.59,12.07,5.17,16.67,0,25,16.67,8.33,25,8.33,0
"30",826901,"Daniel Sams","RHB",4.5,2.75,6,12,NA,NA,128.57,64.71,200,120,NA,50,NA,0.33,5.4,NA,NA,300,16.67,90,200,NA,18.75,9.38,12.5,15.62,0,0,0,35.71,0,7.14,6.25,12.5,9.38,9.38,0,0,21.43,0,0,14.29,0,0,3.12,7.14,14.29,3.12,0,0,0,0,0,0,0,0,0,0,0,0,0,0,0,0,0,0,0,0,0,0,25,50,0,0,25,0,0,0,0,0,60,0,20,0,0,20
"31",714451,"Shivam Dube","LHB",28.36,28,21,94,NA,54,209.4,107.18,171.43,134.29,78.57,174.19,NA,28,39.2,14.67,NA,144.83,143.31,147.92,151.72,NA,12.13,8.09,16.44,13.75,6.2,3.23,9.23,18.82,5.9,0,5.39,9.7,6.74,8.63,1.89,0.27,10.7,9.23,4.06,8.86,3.69,1.08,4.31,19.19,6.27,1.08,0.27,0.81,0,0,0.74,0.37,0,0,1.85,0.37,0.74,0,0,0,0,0,0,0,0,0,0,0,7.48,5.61,11.21,14.02,24.3,24.3,3.74,9.35,26.32,0,0,21.05,31.58,15.79,0,5.26
"32",1070168,"Prithvi Shaw","RHB",27.17,26.5,20.67,36.25,NA,NA,187.36,138.86,177.14,152.63,0,77.78,48,28.11,28.28,30,NA,184.62,133.16,160.57,157.89,NA,12.21,5.97,8.83,12.73,9.35,4.16,5.88,13.9,5.35,3.21,8.57,18.96,3.64,4.16,2.86,1.3,16.04,10.7,2.14,2.67,2.67,0.26,4.16,21.93,6.42,0,1.04,1.56,0,0.26,0,0,0,0,5.88,2.14,1.07,0,0,0,0,0,0,0,0,0,0,0,7.41,6.67,18.52,8.15,12.59,22.22,14.07,10.37,4.35,17.39,17.39,8.7,21.74,17.39,4.35,8.7
"33",528067,"Murugan Ashwin","RHB",3.5,NA,NA,5.5,NA,NA,100,100,16.67,78.57,NA,0,NA,NA,6,0,NA,0,90,72,0,NA,7.41,14.81,3.7,0,14.81,0,18.18,18.18,18.18,0,3.7,7.41,11.11,14.81,0,0,0,0,0,9.09,0,3.7,14.81,18.18,9.09,3.7,0,0,0,0,0,0,0,0,0,9.09,0,0,0,0,0,0,0,0,0,0,0,0,0,0,33.33,0,0,33.33,0,33.33,33.33,0,0,0,33.33,0,0,33.33
"34",1070183,"Abhishek Sharma","LHB",15.58,21.33,56,45.2,NA,NA,164.04,116.36,193.1,132.94,37.5,275,NA,20.69,24.25,30,NA,143.18,131.86,137.1,166.67,NA,11.02,8.87,7.8,10.22,12.37,3.49,5.56,21.72,5.56,2.02,6.99,15.59,6.99,3.23,0.54,0.27,11.11,11.11,2.02,3.54,0.51,0,8.6,18.69,8.59,1.88,0.27,1.88,0,0,0.51,0,0.51,0,6.06,1.52,1.01,0,0,0,0,0,0,0,0,0,0,0,5.71,13.33,26.67,8.57,14.29,17.14,4.76,9.52,12,0,8,16,40,12,8,4
"35",1060380,"Ruturaj Gaikwad","RHB",43.25,30.81,36.67,42.1,NA,26.5,178.35,106.48,261.9,125.67,95.45,278.95,45.67,29.89,41.94,56,NA,190.28,141.21,119.63,215.38,NA,9.92,6.89,9.78,9.64,10.19,3.03,4.31,16.44,9.16,4.58,11.02,15.84,4.68,3.17,0.96,0.14,13.48,12.94,0.54,3.77,2.96,0,8.82,16.44,8.63,3.86,0.28,1.24,0.41,0.14,0.27,0.27,0,1.08,3.23,1.35,0.54,0,0,0,0,0,0,0,0,0,0,0,8.95,11.05,19.47,13.68,13.16,16.84,8.95,7.89,3.03,9.09,24.24,9.09,12.12,9.09,15.15,18.18
"36",1079434,"Riyan Parag","RHB",12.44,21.25,9,20.67,9,12.5,175,96.59,112.5,137.78,45,156.25,10,9.36,18.67,NA,NA,125,114.44,128.24,150,NA,11.86,6.78,9.6,11.86,7.34,2.26,11.11,33.33,2.47,0,7.91,15.82,2.82,14.69,3.95,0,6.17,8.64,1.23,2.47,3.7,1.13,1.69,17.28,7.41,1.69,0.56,0,0,0,1.23,1.23,0,0,2.47,0,1.23,0,0,0,0,0,0,0,0,0,0,0,2.78,11.11,25,19.44,5.56,13.89,11.11,11.11,11.11,5.56,27.78,22.22,11.11,11.11,5.56,5.56
"37",1175441,"Ravi Bishnoi","RHB",NA,2.67,NA,1,NA,NA,71.43,88.89,42.86,14.29,200,NA,NA,8,4,NA,NA,33.33,57.14,80,NA,NA,7.14,0,3.57,14.29,7.14,0,16.67,33.33,0,16.67,7.14,10.71,14.29,7.14,0,3.57,0,16.67,0,0,16.67,0,3.57,0,0,7.14,0,7.14,7.14,0,0,0,0,0,0,0,0,0,0,0,0,0,0,0,0,0,0,0,0,0,0,0,100,0,0,0,0,0,0,50,0,50,0,0
"38",1119026,"Devdutt Padikkal","LHB",41.57,26.69,13,24.83,14,23,179.63,120.49,120.93,109.96,66.67,127.78,44.33,18.95,32.67,38,NA,127.88,112.5,137.64,172.73,400,11.99,9.88,8.64,6.88,8.29,3.17,9.09,9.47,5.3,3.41,8.47,16.05,6.17,2.65,2.65,0.88,11.74,19.32,1.52,1.89,2.65,0.53,8.11,18.94,3.79,2.65,0.18,2.65,0,0,0.76,0.38,0.38,2.65,4.55,2.27,1.89,0,0,0,0,0,0,0,0,0.18,0,0,9.4,14.77,18.79,12.75,8.72,13.42,10.07,12.08,38.46,7.69,15.38,7.69,3.85,19.23,7.69,0
"39",1151278,"Yashasvi Jaiswal","LHB",43.2,33.67,38,39.25,NA,12.25,167.44,124.69,285,143.38,78.57,213.04,34.67,39.9,28.19,NA,NA,148.57,140.49,152.36,288.24,400,15.78,16.84,9.38,12.58,3.84,4.26,2,13.5,4,8,4.69,9.81,3.62,5.54,1.92,0.85,12,14.5,1,2,3,0.21,7.04,22.5,8.5,0.64,0.64,1.07,0,0.43,1,0.5,0,4.5,2,0.5,0,0.64,0.21,0,0,0,0,0.5,0,0,0,0,9.64,15.06,20.48,8.43,14.46,15.66,7.83,8.43,28,8,16,20,8,8,12,0
"40",1175485,"Abdul Samad","RHB",11,25,13,13,6.5,NA,177.42,98.68,185.71,130,86.67,164.29,2.5,13.6,21.83,13.5,NA,83.33,136,121.3,168.75,NA,15.32,6.31,19.82,14.41,3.6,4.5,9.59,24.66,12.33,0,1.8,12.61,4.5,13.51,0.9,1.8,9.59,2.74,0,4.11,4.11,0,0.9,21.92,2.74,0,0,0,0,0,0,1.37,0,0,2.74,1.37,2.74,0,0,0,0,0,0,0,0,0,0,0,0,0,22.22,37.04,14.81,14.81,7.41,3.7,8.33,0,16.67,33.33,8.33,0,8.33,25
"41",1170265,"Tilak Varma","LHB",114,27.86,37,39.5,2,17,198.26,113.37,148,136.21,40,121.43,NA,23.82,42.29,NA,NA,135.42,120.74,159.14,207.14,NA,6.23,8.56,12.84,11.28,5.84,2.33,7.59,14.73,8.48,4.46,5.06,17.51,7,7,0.78,1.17,8.48,11.16,2.68,3.57,0.45,0.39,5.84,21.43,6.25,2.33,0.78,1.17,1.17,1.56,0.45,1.79,0,3.12,2.68,0.45,2.23,1.17,0,0,0,0,0,0,0,0,0,0,17.28,3.7,9.88,19.75,6.17,14.81,16.05,12.35,33.33,0,22.22,11.11,11.11,22.22,0,0
"42",1070665,"Dewald Brevis","RHB",73,48,0.5,18.5,NA,2,251.72,97.96,25,132.14,NA,66.67,NA,21.33,46.5,2,NA,NA,142.22,145.31,100,NA,13.85,4.62,16.92,10.77,9.23,4.62,9.8,11.76,7.84,0,13.85,9.23,1.54,10.77,3.08,1.54,7.84,3.92,0,13.73,3.92,0,0,23.53,1.96,0,0,0,0,0,0,1.96,0,1.96,9.8,1.96,0,0,0,0,0,0,0,0,0,0,0,0,0,0,24,36,12,12,0,16,0,25,0,0,0,25,0,50
"43",1159843,"Kumar Kartikeya","RHB",1,4,NA,NA,NA,NA,50,57.14,0,200,NA,NA,NA,6,3,NA,NA,NA,75,75,NA,NA,7.69,0,15.38,0,15.38,0,0,0,0,0,7.69,23.08,0,15.38,0,0,0,0,0,0,0,0,0,0,0,7.69,7.69,0,0,0,0,0,0,0,0,0,0,0,0,0,0,0,0,0,0,0,0,0,100,0,0,0,0,0,0,0,0,0,0,100,0,0,0,0
"44",33141,"Ambati Rayudu","RHB",23,24,19,19.25,9,71,146.36,113.61,178.12,115.79,75,308.7,19,29.29,22.62,10,NA,183.87,145.39,126.13,100,NA,10.76,7.29,9.38,9.72,7.99,7.29,10.68,16.02,8.74,1.46,6.25,6.94,6.6,11.46,2.78,2.08,10.68,5.34,1.46,5.83,5.34,0.69,6.6,13.11,7.28,3.12,0,0.35,0.35,0.35,0,1.46,0,0,4.37,3.88,4.37,0,0,0,0,0,0,0,0,0,0,0,12.64,5.75,17.24,17.24,6.9,17.24,11.49,11.49,4.76,4.76,19.05,14.29,14.29,14.29,14.29,14.29
"45",28081,"MS Dhoni","RHB",16.2,35.67,14.33,19.83,NA,NA,135,100.94,159.26,104.39,128.57,266.67,6,142,22.2,14,NA,105.88,130.28,113.85,200,NA,10.42,11.25,12.08,20.42,7.5,2.5,6.61,13.22,20.66,0,3.33,9.58,10,6.67,1.25,0.83,17.36,9.09,1.65,0.83,0.83,0,2.5,10.74,2.48,0,0.42,1.25,0,0,0.83,0.83,3.31,0,2.48,6.61,2.48,0,0,0,0,0,0,0,0,0,0,0,12.96,14.81,22.22,7.41,7.41,12.96,12.96,9.26,28.57,7.14,21.43,14.29,0,28.57,0,0
"46",670031,"Alzarri Joseph","RHB",2,NA,NA,NA,NA,NA,66.67,42.86,100,25,50,200,NA,NA,3,NA,NA,NA,50,33.33,250,NA,16.67,0,11.11,11.11,11.11,0,0,0,100,0,5.56,27.78,0,11.11,0,0,0,0,0,0,0,0,5.56,0,0,0,0,0,0,0,0,0,0,0,0,0,0,0,0,0,0,0,0,0,0,0,0,0,0,0,0,0,0,100,0,0,0,0,0,0,100,0,0,0
"47",820351,"Rovman Powell","RHB",101,10.4,30,19.67,5,NA,240.48,85.25,230.77,128.26,71.43,350,NA,22,20,NA,NA,200,113.79,163.27,180,NA,5.05,2.02,6.06,24.24,7.07,1.01,20.25,12.66,15.19,1.27,4.04,14.14,11.11,13.13,2.02,0,6.33,2.53,2.53,5.06,2.53,0,8.08,13.92,6.33,2.02,0,0,0,0,0,0,3.8,0,7.59,0,0,0,0,0,0,0,0,0,0,0,0,0,3.03,6.06,30.3,12.12,21.21,9.09,6.06,12.12,14.29,14.29,28.57,0,14.29,0,0,28.57
"48",379143,"Quinton de Kock","LHB",27.3,29.08,NA,38.8,NA,59,144.44,117.91,330,127.63,54.55,196.67,98,32.92,27.67,NA,NA,155.56,134.35,131.33,162.5,0,15.37,8.87,9.96,8.87,7.36,6.06,2.88,13.99,11.11,4.12,4.55,17.53,2.6,8.87,1.73,0,10.29,8.64,1.65,5.35,1.23,1.08,3.68,20.58,4.94,1.08,0.22,1.08,0,0.43,0.82,1.23,0,9.05,2.47,1.23,0,0.22,0,0,0.22,0,0.22,0,0,0,0.41,0,8.06,8.06,15.32,8.06,12.1,20.16,16.94,11.29,21.74,26.09,8.7,8.7,13.04,21.74,0,0
"49",308251,"David Willey","LHB",NA,7,NA,NA,NA,NA,66.67,51.85,NA,166.67,0,100,NA,16,15,NA,NA,NA,94.12,65.22,100,NA,5,20,5,10,5,0,43.48,0,4.35,0,20,5,5,5,0,0,8.7,17.39,0,0,4.35,5,0,13.04,4.35,0,0,0,0,0,0,0,0,0,0,0,4.35,0,15,0,0,0,0,0,0,0,0,0,20,20,20,0,0,40,0,0,0,0,0,0,0,100,0,0
"50",325012,"Marcus Stoinis","RHB",20.33,25.5,20.33,36,NA,NA,188.66,108.51,234.62,133.33,63.64,240,16,54,23.86,13,NA,133.33,152.11,154.63,100,NA,14.79,6.23,15.95,10.89,8.56,3.89,4.09,22.22,2.92,7.6,5.84,12.06,7,5.06,3.11,0.39,11.7,12.28,1.17,7.6,4.68,1.17,2.33,14.62,4.09,0.39,0,2.33,0,0,0,0.58,1.75,2.34,1.75,0.58,0,0,0,0,0,0,0,0,0,0,0,0,8.54,10.98,15.85,23.17,19.51,7.32,8.54,6.1,5.88,0,17.65,11.76,17.65,17.65,0,29.41
"51",497121,"Deepak Hooda","RHB",32,19.92,11.67,33.5,NA,7,184.62,116.14,218.75,103.08,120,123.53,22,16.5,36.89,15.67,NA,137.5,130.69,125.76,167.86,NA,13.29,9.18,13.29,5.7,8.54,4.43,6.25,18.27,9.62,10.1,7.28,13.61,1.9,9.81,2.85,1.27,14.9,5.29,2.4,4.81,1.44,0.32,5.7,17.79,1.44,1.58,0,0.95,0.32,0,0,0.48,0,0.48,5.29,0.48,0.96,0,0,0,0,0,0,0,0,0,0,0,8,6.67,10.67,16,14.67,21.33,12,10.67,9.52,4.76,28.57,9.52,14.29,9.52,4.76,19.05
"52",432783,"Sachin Baby","LHB",4,NA,NA,NA,NA,NA,57.14,20,NA,0,NA,100,NA,NA,0,NA,NA,50,60,0,0,NA,10,0,10,0,0,0,0,0,0,0,10,40,30,0,0,0,28.57,14.29,0,0,0,0,0,57.14,0,0,0,0,0,0,0,0,0,0,0,0,0,0,0,0,0,0,0,0,0,0,0,0,NA,NA,NA,NA,NA,NA,NA,NA,0,100,0,0,0,0,0,0
"53",430246,"Yuzvendra Chahal","RHB",NA,NA,NA,9,NA,NA,33.33,23.08,0,56.25,NA,100,NA,4,NA,NA,NA,150,36.36,38.1,0,NA,3.45,6.9,0,10.34,27.59,13.79,60,0,20,0,13.79,6.9,3.45,3.45,3.45,0,0,0,20,0,0,0,3.45,0,0,0,0,3.45,0,0,0,0,0,0,0,0,0,0,0,0,0,0,0,0,0,0,0,0,NA,NA,NA,NA,NA,NA,NA,NA,0,0,0,0,0,0,0,100
"54",471342,"Krunal Pandya","LHB",14.86,19.88,20,14.43,17,11.5,140.54,108.9,160,95.28,100,127.78,57,16.82,12.71,24,NA,123.91,113.5,111.25,141.18,NA,10.16,10.16,16.26,14.63,8.13,4.07,15.13,18.42,7.24,10.53,2.85,13.41,2.03,9.76,2.85,1.22,9.21,9.21,1.97,5.26,3.29,0.41,2.85,13.16,1.97,0.41,0.41,0.41,0,0,1.32,0.66,0,0,1.32,1.32,0,0,0,0,0,0,0,0,0,0,0,0,6,10,10,24,12,16,8,14,11.11,5.56,11.11,5.56,38.89,22.22,0,5.56
"55",30045,"Dinesh Karthik","RHB",74.33,20.62,23.5,45,6.67,11.75,212.38,102.48,188,183.67,68.97,204.35,6,27.78,39.33,27,NA,141.18,154.32,158.04,145.95,NA,11.35,8.87,13.12,16.31,4.26,2.48,13.25,10.84,4.82,9.04,5.32,12.77,2.84,8.16,2.84,0.71,6.63,10.84,0,1.81,1.2,0.35,3.9,16.27,13.25,0.35,0.35,0.35,2.84,1.42,0,0,0,2.41,6.63,1.81,0.6,0.71,0,0,0.71,0.6,0,0,0,0,0,0,9.47,15.79,30.53,11.58,12.63,6.32,1.05,12.63,17.65,5.88,35.29,11.76,5.88,5.88,0,17.65
"56",477021,"Vijay Shankar","RHB",15.83,24.5,15,44.5,8,NA,215.91,116.67,200,120.27,80,50,NA,31,18,12,NA,133.33,156.96,123.66,200,NA,10.46,3.27,11.11,12.42,7.84,6.54,7.23,15.66,8.43,3.61,7.84,15.69,3.92,9.15,0.65,0,9.64,4.82,1.2,3.61,1.2,1.31,5.23,18.07,12.05,1.31,0.65,1.96,0,0.65,1.2,2.41,0,0,6.02,2.41,2.41,0,0,0,0,0,0,0,0,0,0,0,12.2,9.76,31.71,14.63,7.32,4.88,9.76,9.76,0,0,33.33,22.22,11.11,11.11,0,22.22
"57",326016,"Bhuvneshwar Kumar","RHB",9.5,22.5,NA,NA,3,NA,90.48,115.38,133.33,105.88,50,71.43,NA,26,21,1,NA,57.14,76.47,126,50,NA,12.99,6.49,19.48,2.6,7.79,0,4.55,13.64,4.55,4.55,3.9,11.69,3.9,6.49,3.9,1.3,0,18.18,4.55,9.09,4.55,0,12.99,18.18,9.09,5.19,0,1.3,0,0,4.55,0,0,0,0,4.55,0,0,0,0,0,0,0,0,0,0,0,0,0,10,0,10,20,20,0,40,0,0,0,0,25,50,0,25
"58",1064812,"Rahul Chahar","RHB",4.25,6,NA,10.33,NA,5,100,81.82,466.67,91.18,16.67,111.11,11,5.4,9.4,6,NA,183.33,96.43,90.38,120,NA,8.97,14.1,3.85,12.82,10.26,2.56,37.5,0,18.75,12.5,2.56,12.82,3.85,15.38,0,0,6.25,12.5,0,0,0,0,8.97,6.25,0,1.28,1.28,0,1.28,0,6.25,0,0,0,0,0,0,0,0,0,0,0,0,0,0,0,0,0,16.67,8.33,25,0,0,41.67,8.33,0,12.5,12.5,25,25,12.5,0,0,12.5
"59",493773,"Lockie Ferguson","RHB",NA,1,6,NA,NA,NA,100,50,200,200,100,175,NA,17,5,NA,NA,NA,242.86,100,33.33,NA,5.88,11.76,5.88,29.41,0,0,0,0,0,0,0,11.76,5.88,29.41,0,0,0,0,0,0,0,0,0,0,0,0,0,0,0,0,0,0,0,0,0,0,0,0,0,0,0,0,0,0,0,0,0,0,33.33,33.33,33.33,0,0,0,0,0,0,0,100,0,0,0,0,0
"60",550215,"Kagiso Rabada","LHB",15,7,NA,8,NA,NA,166.67,53.85,NA,145.45,57.14,200,NA,4,18.5,NA,NA,240,80,119.35,NA,NA,25.58,2.33,11.63,6.98,6.98,2.33,25,25,25,0,2.33,4.65,6.98,20.93,6.98,2.33,8.33,8.33,0,0,0,0,0,8.33,0,0,0,0,0,0,0,0,0,0,0,0,0,0,0,0,0,0,0,0,0,0,0,0,11.11,0,22.22,11.11,22.22,11.11,0,22.22,0,33.33,0,33.33,33.33,0,0,0
"61",719715,"Washington Sundar","LHB",18.33,8.5,0.67,54,NA,16,161.76,80.95,33.33,154.29,87.5,160,21,7.88,26.33,NA,NA,161.54,118.87,109.72,240,NA,14.88,8.26,14.88,3.31,5.79,2.48,7.41,14.81,18.52,0,2.48,19.83,4.13,8.26,3.31,0,11.11,7.41,0,7.41,0,2.48,6.61,14.81,3.7,1.65,0,1.65,0,0,0,0,0,3.7,3.7,7.41,0,0,0,0,0,0,0,0,0,0,0,0,10,0,20,35,5,0,5,25,25,0,0,12.5,37.5,12.5,12.5,0
"62",625383,"Jasprit Bumrah","RHB",NA,2,4,1,NA,NA,200,22.22,200,50,14.29,100,NA,5,4.5,NA,NA,33.33,41.67,100,NA,NA,0,5,5,15,5,0,16.67,0,16.67,0,20,20,0,15,0,0,0,33.33,0,16.67,0,0,10,16.67,0,0,0,5,0,0,0,0,0,0,0,0,0,0,0,0,0,0,0,0,0,0,0,0,50,0,0,0,0,0,0,50,0,0,50,0,0,0,50,0
"63",423838,"Rahul Tewatia","LHB",17.83,24.14,8.4,20,NA,NA,164.62,111.92,190.91,100,61.11,289.47,57,14,27.62,13.33,NA,247.83,91.97,143.51,190.48,NA,12.94,14.9,8.24,12.94,7.84,3.92,20.41,11.22,12.24,8.16,3.53,9.8,6.27,9.41,0.78,0,3.06,4.08,3.06,5.1,1.02,0.78,3.14,16.33,4.08,0.39,0.78,0.39,2.35,0.78,1.02,0,0,6.12,3.06,0,1.02,0,0,0,0,0,0.78,0,0,0,0,0,8.93,14.29,8.93,10.71,7.14,23.21,10.71,16.07,25,0,18.75,18.75,6.25,6.25,25,0
"64",26421,"Ravichandran Ashwin","RHB",10.86,30.67,16.5,35,NA,NA,149.02,127.78,206.25,118.64,123.08,127.27,NA,19.8,22.14,11,NA,277.78,115.12,134.78,183.33,NA,11.33,10.67,6,12.67,4.67,6,2.44,19.51,15.85,0,4,16,2.67,10.67,3.33,0.67,8.54,3.66,2.44,4.88,2.44,2,5.33,20.73,3.66,2.67,0,0.67,0,0,1.22,0,0,0,7.32,2.44,4.88,0.67,0,0,0,0,0,0,0,0,0,0,0,2.94,38.24,11.76,5.88,5.88,17.65,17.65,11.11,11.11,11.11,11.11,0,33.33,22.22,0
"65",892749,"Tim David","RHB",29,64,NA,18,NA,30.67,219.7,112.28,222.22,160,93.75,278.79,NA,25.8,26.86,84,NA,87.5,184.29,164.91,247.06,NA,13.26,6.08,23.2,14.92,3.31,3.31,6.67,31.67,8.33,0,2.21,11.6,4.42,11.05,3.87,0,15,10,1.67,8.33,0,0,0.55,11.67,3.33,0,0.55,1.66,0,0,0,1.67,0,0,1.67,0,0,0,0,0,0,0,0,0,0,0,0,0,1.82,12.73,23.64,23.64,14.55,14.55,3.64,5.45,0,0,30,10,30,20,10,0
"66",930189,"Lalit Yadav","RHB",9.25,17.8,14,58,NA,NA,92.5,94.68,112,87.88,58.33,223.53,NA,10.83,56.33,2.33,NA,106.67,76.47,118.18,63.64,NA,5.52,9.2,7.36,20.25,10.43,0.61,8.33,17.71,11.46,6.25,3.68,17.79,2.45,7.36,1.23,1.84,15.62,10.42,3.12,1.04,3.12,0.61,4.29,7.29,4.17,1.84,0,0.61,1.84,2.45,0,0,0,0,7.29,3.12,1.04,0,0,0,0,0,0.61,0,0,0,0,0,10.71,25,21.43,3.57,3.57,7.14,10.71,17.86,0,16.67,0,16.67,16.67,16.67,16.67,16.67
"67",377534,"Shashank Singh","RHB",NA,15,7,10,1,NA,236.36,100,233.33,90.91,50,200,NA,20,20.5,7,NA,100,117.65,157.69,233.33,NA,6.45,9.68,16.13,12.9,6.45,0,42.86,7.14,7.14,0,3.23,25.81,0,6.45,3.23,0,0,0,0,0,7.14,0,3.23,28.57,0,3.23,0,3.23,0,0,0,0,0,0,0,0,0,0,0,0,0,0,0,0,7.14,0,0,0,22.22,11.11,11.11,22.22,11.11,22.22,0,0,0,0,0,33.33,33.33,0,0,33.33
"68",940973,"Mohammed Siraj","RHB",23,6.5,NA,7,NA,NA,176.92,59.09,0,58.33,87.5,50,NA,11,14,NA,NA,33.33,104.76,75.68,NA,NA,15.09,9.43,11.32,5.66,11.32,1.89,60,0,20,0,9.43,11.32,0,18.87,0,0,0,0,0,0,0,1.89,3.77,20,0,0,0,0,0,0,0,0,0,0,0,0,0,0,0,0,0,0,0,0,0,0,0,0,0,0,14.29,0,28.57,28.57,0,28.57,50,0,0,0,0,25,0,25
"69",914541,"Sherfane Rutherford","LHB",NA,NA,NA,8,NA,NA,62.5,45.83,0,100,100,NA,NA,23,7,NA,NA,20,92,38.89,100,NA,14.29,9.52,4.76,14.29,0,0,16.13,3.23,22.58,0,14.29,9.52,23.81,4.76,0,0,0,12.9,6.45,6.45,0,0,4.76,16.13,9.68,0,0,0,0,0,0,0,0,3.23,0,0,3.23,0,0,0,0,0,0,0,0,0,0,0,0,50,0,0,0,50,0,0,50,0,0,0,0,0,0,50
"70",696401,"Marco Jansen","RHB",16,10,1,7,3,NA,160,66.67,20,116.67,50,200,NA,10,4.75,NA,NA,66.67,90.91,79.17,233.33,NA,18.6,4.65,13.95,9.3,4.65,2.33,7.69,38.46,0,0,4.65,9.3,9.3,18.6,2.33,0,0,0,0,7.69,0,0,2.33,15.38,0,0,0,0,0,0,0,0,0,30.77,0,0,0,0,0,0,0,0,0,0,0,0,0,0,0,0,0,40,20,0,40,0,20,0,20,0,20,20,0,20
"71",961713,"Riley Meredith","RHB",NA,NA,NA,NA,NA,NA,NA,0,NA,0,NA,NA,NA,NA,NA,NA,NA,NA,0,NA,NA,NA,0,33.33,0,0,0,0,0,0,0,0,0,33.33,0,33.33,0,0,0,0,0,0,0,0,0,0,0,0,0,0,0,0,0,0,0,0,0,0,0,0,0,0,0,0,0,0,0,0,0,0,NA,NA,NA,NA,NA,NA,NA,NA,NA,NA,NA,NA,NA,NA,NA,NA
"72",1159711,"Shahbaz Ahmed","LHB",25.33,11.62,16.5,38,6,34,140.74,85.32,165,122.58,120,200,28,9.6,29,NA,NA,186.67,92.31,127.94,166.67,NA,9.58,17.96,5.39,11.38,6.59,5.39,8.47,11.02,11.86,10.17,3.59,4.79,9.58,12.57,0,1.2,7.63,10.17,4.24,2.54,0,0,4.79,27.12,0.85,1.8,1.2,1.8,1.2,1.2,0,0,0,2.54,2.54,0.85,0,0,0,0,0,0,0,0,0,0,0,0,12.12,12.12,12.12,6.06,9.09,24.24,15.15,9.09,0,10,0,20,0,60,0,10
"73",1125976,"Arshdeep Singh","LHB",NA,NA,NA,0.5,1,NA,0,66.67,175,14.29,20,200,NA,12,2.5,NA,NA,200,85.71,35.71,0,NA,16.67,3.33,23.33,10,10,0,0,50,25,0,0,3.33,13.33,13.33,3.33,0,0,0,0,0,0,0,3.33,0,0,0,0,0,0,0,0,0,0,0,0,0,25,0,0,0,0,0,0,0,0,0,0,0,0,0,0,0,66.67,33.33,0,0,NA,NA,NA,NA,NA,NA,NA,NA
"74",529436,"Srikar Bharat","RHB",22,NA,NA,9.8,NA,NA,125.71,123.53,128.57,111.36,100,180,NA,22.33,30.5,NA,NA,150,128.85,118.45,100,NA,11.01,8.26,11.93,14.68,10.09,4.59,0,18.97,6.9,8.62,3.67,17.43,1.83,6.42,2.75,0.92,17.24,1.72,3.45,1.72,6.9,0.92,5.5,18.97,5.17,0,0,0,0,0,0,0,0,1.72,5.17,3.45,0,0,0,0,0,0,0,0,0,0,0,0,5,5,25,20,5,15,5,20,14.29,14.29,14.29,0,28.57,0,14.29,14.29
"75",1079470,"Ramandeep Singh","RHB",NA,9,NA,NA,NA,NA,166.67,81.82,500,50,0,200,NA,NA,19,NA,NA,200,75,118.75,0,NA,27.27,9.09,0,9.09,18.18,0,15.79,21.05,15.79,0,0,4.55,9.09,18.18,0,0,5.26,5.26,0,0,0,0,4.55,15.79,5.26,0,0,0,0,0,0,5.26,0,0,0,10.53,0,0,0,0,0,0,0,0,0,0,0,0,25,0,25,0,0,25,0,25,0,0,0,0,0,0,50,50
"76",1151270,"Ayush Badoni","RHB",19.67,15.67,NA,36.5,NA,19,203.45,98.95,195.45,100,68.75,146.15,NA,27.25,25.75,7.67,NA,222.22,141.56,121.89,104.55,NA,6.6,9.14,10.15,17.26,6.09,2.54,16.67,11.46,6.25,4.17,4.57,13.2,6.09,8.12,1.02,0.51,7.29,7.29,2.08,2.08,0,1.02,5.58,21.88,4.17,2.54,0.51,1.52,1.02,2.03,1.04,1.04,0,0,6.25,4.17,3.12,0,0,1.04,0.51,0,0,0,0,0,0,0,17.5,10,25,20,7.5,7.5,7.5,5,0,22.22,11.11,22.22,22.22,11.11,0,11.11
"77",778963,"Abhinav Manohar","RHB",56,7.83,NA,23.67,8,15,160,79.66,250,165.12,160,250,NA,8.25,33.5,NA,NA,50,124.53,144.09,316.67,NA,10.47,13.95,15.12,10.47,9.3,2.33,14.1,15.38,8.97,2.56,3.49,3.49,3.49,11.63,0,1.16,11.54,8.97,2.56,3.85,5.13,0,9.3,10.26,7.69,3.49,1.16,0,1.16,0,2.56,1.28,0,0,3.85,0,1.28,0,0,0,0,0,0,0,0,0,0,0,6.67,3.33,16.67,10,16.67,16.67,16.67,13.33,0,11.11,11.11,22.22,11.11,33.33,11.11,0
"78",1246528,"Umran Malik","RHB",1,NA,NA,NA,NA,NA,25,100,NA,66.67,NA,NA,NA,NA,2,NA,NA,NA,50,50,NA,NA,0,0,0,14.29,0,0,100,0,0,0,28.57,0,0,42.86,0,0,0,0,0,0,0,0,14.29,0,0,0,0,0,0,0,0,0,0,0,0,0,0,0,0,0,0,0,0,0,0,0,0,0,NA,NA,NA,NA,NA,NA,NA,NA,NA,NA,NA,NA,NA,NA,NA,NA
"79",1159720,"Yash Dayal","RHB",NA,NA,NA,NA,0,NA,NA,NA,NA,NA,0,NA,NA,NA,0,NA,NA,NA,NA,0,NA,NA,0,0,0,0,100,0,0,0,0,0,0,0,0,0,0,0,0,0,0,0,0,0,0,0,0,0,0,0,0,0,0,0,0,0,0,0,0,0,0,0,0,0,0,0,0,0,0,0,NA,NA,NA,NA,NA,NA,NA,NA,0,0,0,100,0,0,0,0
"80",277916,"Ajinkya Rahane","RHB",35.75,23.57,8.67,30.75,NA,NA,188.16,114.58,236.36,139.77,NA,166.67,28,33.14,20.6,NA,NA,254.55,152.63,128.75,50,NA,7.1,9.84,8.2,13.11,8.2,2.19,4.73,21.62,4.05,4.73,8.74,24.59,3.28,2.73,1.09,0.55,11.49,6.08,1.35,2.7,4.05,0,6.56,24.32,6.76,1.64,0,2.19,0,0,1.35,0.68,0.68,4.05,0,1.35,0,0,0,0,0,0,0,0,0,0,0,0,11.86,15.25,20.34,11.86,6.78,20.34,3.39,10.17,0,15.38,7.69,30.77,7.69,7.69,15.38,15.38
"81",851403,"Venkatesh Iyer","LHB",41,19.29,26,50.75,NA,20,160.34,112.71,243.75,127.67,18.75,100,35.33,23.29,31.25,NA,NA,158.21,133.33,119.81,210,NA,18.48,8.83,13.76,10.06,8.01,4.93,2.16,16.81,4.74,3.45,3.49,15.81,3.9,2.87,2.26,0.41,13.36,10.34,1.29,4.74,2.59,0.82,3.29,20.26,6.47,1.64,0.41,0.82,0,0,0.86,0.43,0.43,3.88,6.47,0.43,1.29,0,0.21,0,0,0,0,0,0,0,0,0,13.71,5.65,16.94,10.48,10.48,17.74,12.9,12.1,20.83,0,20.83,8.33,8.33,16.67,8.33,16.67
"82",379140,"Devon Conway","LHB",26.1,110.67,57,93,8,NA,150,134.41,228,130.07,72.73,160,NA,35.6,67.17,42,NA,145.65,133.33,140.42,280,NA,9.94,5.68,12.5,14.49,8.24,2.84,4.03,19.05,4.76,10.26,7.39,19.89,1.42,3.41,2.27,0,9.89,7.33,0.73,3.3,3.66,1.14,5.97,15.02,5.86,2.56,0.57,1.7,0,0,0.37,1.1,2.2,6.96,2.56,1.47,1.47,0,0,0,0,0,0,0,0,0,0,0,10.57,8.13,14.63,8.94,15.45,13.82,13.82,14.63,10,0,10,30,10,10,20,10
"83",344580,"Shreyas Gopal","RHB",NA,4,NA,NA,NA,NA,157.14,133.33,NA,0,100,NA,NA,NA,14,NA,NA,100,50,155.56,NA,NA,40,20,10,0,0,0,0,0,0,0,10,0,0,20,0,0,0,0,0,0,0,0,0,0,0,0,0,0,0,0,0,0,0,100,0,0,0,0,0,0,0,0,0,0,0,0,0,0,0,0,33.33,0,33.33,33.33,0,0,0,0,0,0,0,0,0,100
"84",1122918,"Kartik Tyagi","RHB",NA,4,NA,2,0,NA,100,200,0,100,0,100,NA,2.5,2,NA,NA,66.67,125,66.67,NA,NA,0,22.22,22.22,11.11,11.11,0,0,0,0,0,0,22.22,0,11.11,0,0,0,0,0,0,0,0,0,100,0,0,0,0,0,0,0,0,0,0,0,0,0,0,0,0,0,0,0,0,0,0,0,0,0,0,0,0,100,0,0,0,0,0,0,0,0,0,100,0
"85",327830,"Dwaine Pretorius","RHB",19,15,4,NA,0,NA,172.73,250,133.33,50,0,200,NA,4.67,30,NA,NA,NA,127.27,176.47,NA,NA,12.5,0,29.17,8.33,0,0,0,0,0,0,8.33,25,4.17,8.33,0,0,25,0,0,0,0,4.17,0,25,0,0,0,0,0,0,0,0,0,0,50,0,0,0,0,0,0,0,0,0,0,0,0,0,33.33,16.67,33.33,0,16.67,0,0,0,0,0,50,50,0,0,0,0
"86",51439,"Dwayne Bravo","RHB",NA,13,NA,12,NA,8,287.5,130,200,120,100,200,NA,18,20,NA,NA,300,128.57,166.67,NA,NA,17.5,2.5,10,10,7.5,2.5,25,25,12.5,0,2.5,20,15,5,2.5,0,25,0,0,0,0,0,5,12.5,0,0,0,0,0,0,0,0,0,0,0,0,0,0,0,0,0,0,0,0,0,0,0,0,0,0,22.22,22.22,22.22,22.22,11.11,0,0,0,0,0,33.33,66.67,0,0
"87",35582,"Robin Uthappa","RHB",56,15.86,5.5,26.5,NA,NA,224,100,110,139.47,60,50,NA,16.62,28.29,NA,NA,100,160.24,124.53,120,NA,6.25,2.08,5.73,8.85,14.06,3.12,5.33,16,6.67,1.33,14.06,16.67,6.25,3.65,2.6,0,5.33,12,1.33,8,2.67,0.52,9.9,16,10.67,2.6,0.52,2.6,0,0,1.33,0,0,4,6.67,0,1.33,0.52,0,0,0,1.33,0,0,0,0,0,0,19.57,4.35,30.43,13.04,6.52,8.7,4.35,13.04,0,20,50,20,0,0,10,0
"88",642525,"Sarfaraz Khan","RHB",19.5,4.75,NA,NA,2,NA,156,70.37,200,108.33,66.67,233.33,5,15.33,15.33,NA,NA,125,139.39,97.87,216.67,NA,3.92,11.76,13.73,11.76,0,1.96,7.69,5.13,2.56,17.95,9.8,13.73,3.92,7.84,1.96,0,7.69,15.38,0,0,0,1.96,7.84,20.51,2.56,1.96,0,0,1.96,1.96,0,0,0,2.56,12.82,2.56,2.56,1.96,0,0,1.96,0,0,0,0,0,0,0,0,15.38,15.38,0,7.69,15.38,15.38,30.77,0,50,0,25,25,0,0,0
"89",677077,"Romario Shepherd","RHB",3,NA,NA,NA,NA,NA,66.67,187.5,400,70,20,283.33,NA,23,28,NA,NA,600,135.29,140,33.33,NA,11.11,7.41,14.81,22.22,3.7,0,0,6.25,25,6.25,3.7,7.41,3.7,22.22,3.7,0,6.25,18.75,0,0,0,0,0,18.75,0,0,0,0,0,0,0,0,0,0,12.5,6.25,0,0,0,0,0,0,0,0,0,0,0,0,0,42.86,14.29,42.86,0,0,0,0,0,0,0,0,0,100,0,0
"90",276298,"Andre Russell","RHB",37,26.5,16.2,44,4.75,NA,241.3,141.96,126.56,136.08,41.3,266.67,19.33,44.14,24.33,23,NA,148.72,186.14,135.81,176.92,400,6.5,13.62,9.91,12.38,4.33,1.55,19.86,10.96,6.16,2.74,5.26,9.91,8.36,20.43,1.86,0.93,3.42,10.27,4.79,11.64,2.05,0,2.48,9.59,4.79,0.62,0.62,0.93,0.31,0,1.37,1.37,0,0,6.16,2.05,2.74,0,0,0,0,0,0,0,0,0,0,0,9,6,30,20,11,10,4,10,6.25,12.5,6.25,31.25,6.25,6.25,25,6.25
"91",24598,"Eoin Morgan","LHB",9.33,14.75,15,8.67,NA,NA,107.69,95.16,166.67,66.67,200,100,9,9.17,16.25,NA,NA,81.82,98.21,91.55,400,NA,10.84,18.07,8.43,13.25,7.23,4.82,5.08,22.03,6.78,6.78,8.43,12.05,1.2,10.84,0,1.2,11.86,11.86,0,1.69,1.69,0,3.61,10.17,8.47,0,0,0,0,0,0,0,0,8.47,3.39,0,1.69,0,0,0,0,0,0,0,0,0,0,0,14.29,7.14,14.29,14.29,14.29,21.43,7.14,7.14,22.22,0,11.11,11.11,11.11,11.11,33.33,0
"92",297628,"Sam Billings","RHB",43,22.67,NA,9,NA,NA,153.57,121.43,200,77.14,25,200,NA,NA,18,0,NA,33.33,118,135,0,NA,6.67,9.33,6.67,14.67,5.33,1.33,5.88,22.06,4.41,13.24,2.67,14.67,6.67,12,0,0,7.35,1.47,1.47,5.88,4.41,2.67,9.33,14.71,1.47,1.33,0,0,2.67,4,0,0,0,17.65,0,0,0,0,0,0,0,0,0,0,0,0,0,0,5.26,15.79,21.05,15.79,26.32,5.26,5.26,5.26,16.67,16.67,16.67,16.67,16.67,16.67,0,0
"93",33335,"Suresh Raina","LHB",NA,12,9,NA,1,NA,191.3,115.38,100,129.41,16.67,50,36,12.4,57,NA,NA,150,121.57,111.76,250,NA,7.59,5.06,7.59,12.66,7.59,1.27,12.96,14.81,1.85,1.85,10.13,15.19,10.13,12.66,1.27,1.27,16.67,3.7,3.7,5.56,5.56,0,6.33,14.81,9.26,0,1.27,0,0,0,0,0,0,0,9.26,0,0,0,0,0,0,0,0,0,0,0,0,0,9.09,0,18.18,13.64,18.18,31.82,4.55,4.55,16.67,16.67,0,16.67,0,50,0,0
"94",642519,"Shreyas Iyer","RHB",83.5,23.88,11,52.67,9,24,167,103.8,122.22,115.33,75,160,51,26.57,38.25,28,NA,188.89,106.9,123.39,164.71,NA,9.46,8.11,9.46,10.14,8.11,2.7,3.66,20.94,9.95,0.52,11.15,21.28,5.41,4.05,1.69,1.35,8.9,11.52,3.66,6.28,4.19,0,4.39,19.9,3.14,2.03,0.34,0.34,0,0,0,0,0,2.62,1.57,2.09,1.05,0,0,0,0,0,0,0,0,0,0,0,9.38,3.12,12.5,18.75,7.81,23.44,17.19,7.81,8.33,8.33,25,25,8.33,8.33,8.33,8.33
"95",559235,"Kuldeep Yadav","LHB",NA,24,NA,8.5,NA,NA,71.43,104.35,150,70.83,16.67,150,NA,16,29,NA,NA,50,88.89,87.88,100,NA,10.45,14.93,5.97,14.93,7.46,2.99,35.29,5.88,0,17.65,7.46,13.43,4.48,4.48,1.49,0,5.88,5.88,0,0,5.88,0,2.99,17.65,0,1.49,1.49,4.48,0,0,0,0,0,5.88,0,0,0,0,1.49,0,0,0,0,0,0,0,0,0,14.29,0,0,0,14.29,28.57,28.57,14.29,0,100,0,0,0,0,0,0
"96",376116,"Umesh Yadav","RHB",24,6,14,NA,1.5,NA,184.62,75,155.56,90,42.86,600,2,5.8,NA,NA,NA,50,145,124.14,33.33,NA,6.25,6.25,20.83,25,8.33,2.08,27.27,27.27,18.18,0,4.17,4.17,2.08,20.83,0,0,0,0,0,0,0,0,0,9.09,0,0,0,0,0,0,0,0,0,0,18.18,0,0,0,0,0,0,0,0,0,0,0,0,0,25,0,0,50,0,12.5,12.5,0,0,0,33.33,33.33,0,33.33,0,0
"97",723105,"Rinku Singh","LHB",67.33,43,NA,56,14,78,206.12,101.57,168.97,147.37,93.33,210.81,NA,55.5,52.4,30,NA,147.06,142.31,145.56,240,NA,15.24,6.69,8.92,15.61,3.72,3.35,6.76,17.57,10.81,3.38,2.23,12.64,8.55,11.9,1.49,1.49,8.11,14.86,0,4.05,2.7,0.74,4.83,19.59,2.03,1.12,0.37,0.37,0,0.37,1.35,0.68,0,2.7,2.7,1.35,1.35,0,0,0,0,0,0,0,0,0.37,0,0,10.13,6.33,17.72,10.13,17.72,15.19,13.92,8.86,0,0,11.11,33.33,11.11,22.22,11.11,11.11
"98",1070173,"Shubman Gill","RHB",26.81,39.71,66,78.17,16,24,163.12,120.75,220,133.62,76.19,192,35,33.63,49.89,25.67,NA,194.44,126.28,140.44,175,NA,9.38,10.94,13.1,13.58,6.73,1.44,8.61,14.14,6.56,3.48,8.17,21.88,4.33,4.21,1.56,0.12,12.5,9.84,1.02,3.07,2.66,0.12,1.92,24.18,6.15,0.84,0.24,1.44,0,0,0.41,1.43,0.41,1.64,2.66,0.61,0.41,0,0,0,0,0.2,0,0,0,0,0,0,8.73,8.73,23.14,15.28,14.41,17.03,8.73,3.93,3.57,3.57,10.71,28.57,17.86,25,3.57,7.14
"99",1161024,"Prabhsimran Singh","RHB",33.5,24.8,NA,12.17,2,10,176.32,145.88,272.73,92.41,28.57,200,26,22,18.8,NA,NA,162.5,120.55,140.3,200,NA,14.65,7.01,11.46,8.92,8.92,4.46,9.72,8.33,6.94,6.94,12.74,12.1,2.55,5.73,3.82,0,9.72,6.94,0,5.56,5.56,0.64,2.55,15.28,2.78,0.64,0.64,3.18,0,0,0,4.17,1.39,4.17,9.72,1.39,1.39,0,0,0,0,0,0,0,0,0,0,0,19.15,10.64,14.89,17.02,6.38,12.77,12.77,6.38,0,11.11,22.22,11.11,11.11,11.11,0,33.33
"100",447587,"Jayant Yadav","RHB",NA,21,NA,6,NA,NA,200,140,50,100,NA,NA,NA,NA,9,NA,NA,NA,266.67,90,NA,NA,0,0,8.33,0,16.67,0,7.69,15.38,0,0,0,25,8.33,8.33,16.67,0,23.08,7.69,0,0,0,0,8.33,15.38,7.69,8.33,0,0,0,0,0,0,0,0,15.38,7.69,0,0,0,0,0,0,0,0,0,0,0,0,33.33,0,0,66.67,0,0,0,0,0,50,0,0,0,50,0,0
"101",272450,"Mitchell Marsh","RHB",15,24.6,NA,113,NA,23,157.89,110.81,342.86,125.56,50,209.09,18,19.38,63.33,12,NA,163.64,131.36,132.87,150,NA,10.69,6.29,10.06,15.09,7.55,2.52,9.76,6.5,8.13,2.44,13.84,16.98,3.77,2.52,2.52,0,20.33,15.45,1.63,4.07,1.63,0,5.66,17.89,6.5,1.26,0,1.26,0,0,0,1.63,0,0,1.63,1.63,0.81,0,0,0,0,0,0,0,0,0,0,0,8,18,20,12,12,18,8,4,9.09,9.09,18.18,9.09,18.18,18.18,0,18.18
"102",431901,"Evin Lewis","LHB",77,26.5,11,16.5,NA,NA,192.5,94.64,183.33,178.38,80,225,7,19.25,37,NA,NA,77.78,130.51,158.57,250,NA,8.94,8.13,8.94,24.39,4.88,2.44,12.12,9.09,12.12,24.24,9.76,4.88,8.94,13.82,4.07,0,9.09,12.12,0,3.03,3.03,0,0.81,6.06,6.06,0,0,0,0,0,0,0,0,0,0,3.03,0,0,0,0,0,0,0,0,0,0,0,0,16.67,11.11,8.33,16.67,16.67,11.11,13.89,5.56,0,0,16.67,0,0,33.33,33.33,16.67
"103",326637,"Chris Lynn","RHB",NA,14,NA,NA,NA,NA,140,93.33,600,157.14,NA,NA,NA,25,NA,NA,NA,50,178.57,127.78,0,NA,16.67,11.11,11.11,11.11,0,5.56,5.56,11.11,0,5.56,5.56,11.11,5.56,16.67,0,0,27.78,5.56,0,16.67,11.11,0,0,16.67,0,5.56,0,0,0,0,0,0,0,0,0,0,0,0,0,0,0,0,0,0,0,0,0,0,14.29,0,14.29,42.86,14.29,14.29,0,0,0,0,0,100,0,0,0,0
"104",230558,"Sunil Narine","LHB",9.5,6.22,25,1.17,NA,5.5,190,130.23,208.33,41.18,44.44,157.14,15,3.5,12.33,3,NA,166.67,102.08,157.45,75,NA,11.76,7.06,10.59,16.47,3.53,3.53,6.45,6.45,0,6.45,2.35,4.71,14.12,23.53,0,0,25.81,6.45,3.23,16.13,0,0,2.35,9.68,9.68,0,0,0,0,0,0,0,0,0,3.23,0,6.45,0,0,0,0,0,0,0,0,0,0,0,9.09,9.09,13.64,18.18,13.64,18.18,9.09,9.09,0,5.88,35.29,17.65,11.76,17.65,0,11.76
"105",56143,"Shakib Al Hasan","LHB",NA,8,NA,9,4,NA,100,104.35,0,128.57,57.14,NA,NA,7.67,11,NA,NA,50,121.05,91.67,0,NA,12.5,0,0,8.33,12.5,0,8.33,16.67,8.33,0,8.33,20.83,8.33,12.5,8.33,0,4.17,8.33,0,16.67,4.17,4.17,0,29.17,0,4.17,0,0,0,0,0,0,0,0,4.17,0,0,0,0,0,0,0,0,0,0,0,0,0,25,0,0,25,0,0,0,50,0,0,0,0,0,50,50,0
"106",298438,"Jason Roy","RHB",29.33,56.33,NA,48.67,0.67,NA,154.39,134.13,166.67,144.55,25,212.5,22,31.2,40.2,NA,NA,157.14,164.21,121.82,171.43,NA,11.48,12.44,13.88,14.83,4.78,5.74,1.8,12.61,0,11.71,3.83,13.88,3.35,8.13,2.87,0,4.5,11.71,1.8,4.5,3.6,0.48,1.91,9.01,9.91,0.96,0,1.44,0,0,0,0,1.8,11.71,14.41,0.9,0,0,0,0,0,0,0,0,0,0,0,0,10,10,32.86,8.57,4.29,15.71,11.43,7.14,20,30,10,10,10,0,0,20
"107",391485,"Jason Holder","RHB",10.33,11.75,0,35,NA,NA,144.19,104.44,0,184.21,71.43,83.33,NA,15.33,9.22,7,NA,137.5,143.75,110.67,127.27,NA,8.42,6.32,14.74,10.53,6.32,3.16,14.29,14.29,14.29,0,5.26,10.53,7.37,17.89,1.05,0,17.14,0,0,2.86,2.86,0,6.32,20,0,1.05,0,1.05,0,0,2.86,0,5.71,2.86,2.86,0,0,0,0,0,0,0,0,0,0,0,0,0,17.65,5.88,17.65,29.41,11.76,5.88,5.88,5.88,7.69,7.69,7.69,30.77,15.38,23.08,0,7.69
"108",604527,"Nitish Rana","LHB",33.2,34,22.5,31.57,26,16.33,173.82,116.57,176.47,121.43,76.47,188.46,21.6,28.88,34.79,34.5,NA,142.11,127.27,134.16,215.62,NA,11.65,11.45,8.43,9.64,8.43,2.41,6.78,7.34,7.06,9.89,9.04,12.45,8.03,4.62,1.61,0.8,10.17,7.91,0.28,1.41,2.82,0.8,4.82,20.06,4.8,3.41,0.6,0.8,0.2,0.2,0.85,1.41,1.69,8.19,5.65,2.26,1.41,0.4,0,0,0.2,0,0,0,0,0,0,0,15.92,8.28,17.83,8.92,8.28,17.2,10.19,13.38,15.15,6.06,15.15,15.15,18.18,12.12,15.15,3.03
"109",279810,"Wriddhiman Saha","RHB",52.67,20.5,25.33,20.82,11,NA,146.3,104.74,217.14,102.23,122.22,146.15,17.5,19,31.43,19.5,NA,184.21,113.19,112.82,205.26,NA,12.55,8.87,6.71,15.15,7.79,3.46,2.28,14.16,7.31,7.31,11.9,14.29,3.68,3.68,1.52,0,18.26,12.79,1.37,2.28,0.46,0.22,4.33,20.09,5.48,3.68,0.43,1.52,0,0.22,0.91,0.46,0.46,0,3.2,1.83,1.37,0,0,0,0,0,0,0,0,0,0,0,13.08,7.48,20.56,13.08,8.41,16.82,14.95,5.61,8.33,25,12.5,12.5,16.67,4.17,8.33,12.5
"110",1070180,"Priyam Garg","RHB",6.75,23.67,4,NA,NA,NA,72.97,114.52,133.33,136.84,0,160,17,28.5,12.2,5,NA,170,111.76,92.42,166.67,NA,9.38,6.25,14.06,12.5,6.25,3.12,8.96,23.88,13.43,1.49,9.38,21.88,4.69,0,3.12,0,16.42,10.45,0,1.49,4.48,0,4.69,4.48,2.99,1.56,0,3.12,0,0,0,1.49,2.99,1.49,4.48,0,1.49,0,0,0,0,0,0,0,0,0,0,0,16.67,16.67,8.33,16.67,8.33,16.67,16.67,0,12.5,0,25,25,12.5,12.5,0,12.5
"111",403902,"Liam Livingstone","RHB",52,39.67,45.5,13.6,10,65,187.39,164.14,293.55,125.93,90.91,185.71,35,29.62,27.64,49.5,NA,152.17,161.22,164.68,215.22,0,11.23,6.52,13.04,12.68,6.52,2.17,5.08,23.86,7.61,0,3.99,9.78,7.25,15.58,2.17,0.36,15.23,11.17,4.06,6.09,2.03,2.17,1.81,16.24,3.05,1.45,1.09,1.45,0.72,0,0.51,0,0.51,0.51,2.54,1.02,0.51,0,0,0,0,0,0,0,0,0,0,0,14.15,7.55,17.92,15.09,18.87,11.32,6.6,8.49,13.33,6.67,26.67,6.67,13.33,13.33,0,20
"112",253802,"Virat Kohli","RHB",44.71,35.93,23.5,26.75,15,36,150.48,107.94,188,122.99,83.33,180,54.5,29,31.52,76,NA,145.33,116.94,120.8,271.43,NA,11.47,4.85,10.5,9.69,11.31,2.42,4.85,19.4,11.55,0.69,5.01,22.46,3.88,3.23,1.13,0.48,10.39,5.77,2.08,3.46,1.85,0.32,7.59,27.02,5.08,3.55,0.48,1.62,0,0,1.39,1.85,0.23,0,1.39,1.15,1.62,0,0,0.23,0,0,0,0,0,0,0,0,12.58,10.69,20.75,9.43,12.58,21.38,6.29,6.29,13.04,8.7,34.78,0,4.35,4.35,8.7,26.09
"113",793463,"Rashid Khan","RHB",21.6,13.67,26.5,22,7,34,257.14,105.13,212,176,77.78,170,NA,14.5,20.62,16,NA,209.09,156.76,173.68,184.62,NA,10.74,8.72,9.4,12.08,0,2.01,7.69,11.54,7.69,0,2.68,14.77,6.71,22.82,1.34,2.01,15.38,19.23,7.69,7.69,0,0,4.03,7.69,0,1.34,0,0.67,0,0.67,0,0,0,3.85,7.69,3.85,0,0,0,0,0,0,0,0,0,0,0,0,9.52,4.76,16.67,16.67,9.52,16.67,9.52,16.67,0,0,20,30,20,10,0,20
"114",267192,"Steven Smith","RHB",NA,22.25,4,NA,NA,NA,129.41,115.58,200,91.18,250,50,NA,69,19.5,NA,NA,400,125.45,102.63,50,NA,11.48,4.92,1.64,6.56,8.2,0,6.76,14.86,6.76,0,6.56,34.43,3.28,16.39,0,0,6.76,9.46,0,4.05,1.35,0,3.28,41.89,0,0,0,1.64,0,0,1.35,0,0,0,2.7,0,0,1.64,0,0,0,0,0,0,4.05,0,0,0,26.67,13.33,20,0,0,6.67,13.33,20,0,0,33.33,0,0,0,0,66.67
"115",398439,"Karun Nair","RHB",7,NA,NA,1,NA,NA,140,80,NA,33.33,NA,NA,NA,4,NA,NA,NA,0,72.73,133.33,NA,NA,22.22,0,11.11,0,0,0,0,22.22,11.11,22.22,0,11.11,0,33.33,11.11,0,0,0,11.11,11.11,0,0,0,11.11,11.11,11.11,0,0,0,0,0,0,0,0,0,0,0,0,0,0,0,0,0,0,0,0,0,0,0,0,0,0,0,100,0,0,0,0,50,50,0,0,0,0
"116",326017,"Siddarth Kaul","RHB",NA,NA,NA,NA,NA,NA,100,0,NA,150,NA,NA,NA,NA,NA,NA,NA,NA,100,100,NA,NA,12.5,12.5,0,0,12.5,0,0,0,0,0,25,12.5,0,12.5,0,0,0,0,0,0,0,0,12.5,0,0,0,0,0,0,0,0,0,0,0,0,0,0,0,0,0,0,0,0,0,0,0,0,0,0,0,0,0,0,100,0,0,NA,NA,NA,NA,NA,NA,NA,NA
"117",820691,"Odean Smith","RHB",4,13,NA,9,NA,NA,66.67,130,360,81.82,50,75,NA,7,19,NA,NA,NA,58.33,131.03,200,NA,11.36,0,9.09,4.55,13.64,2.27,16.67,0,33.33,0,2.27,4.55,11.36,34.09,0,2.27,16.67,0,0,16.67,0,0,2.27,16.67,0,0,0,0,2.27,0,0,0,0,0,0,0,0,0,0,0,0,0,0,0,0,0,0,0,16.67,16.67,0,16.67,16.67,33.33,0,0,0,0,33.33,66.67,0,0,0,0
"118",784379,"Wanindu Hasaranga de Silva","RHB",4.33,8.33,5,11,0,NA,118.18,92.59,111.11,78.57,0,100,NA,3.33,17,2.5,NA,33.33,90.91,100,83.33,NA,6.25,18.75,4.17,6.25,10.42,4.17,16.67,12.5,0,0,14.58,6.25,12.5,8.33,2.08,0,20.83,20.83,4.17,12.5,0,0,4.17,8.33,0,2.08,0,0,0,0,0,0,0,0,4.17,0,0,0,0,0,0,0,0,0,0,0,0,0,16.67,0,0,16.67,0,33.33,33.33,0,0,0,16.67,33.33,33.33,0,16.67,0
"119",552152,"Dushmantha Chameera","RHB",3.33,NA,NA,NA,NA,NA,111.11,157.14,200,233.33,100,100,NA,4.5,30,NA,NA,0,150,150,400,NA,13.04,0,8.7,21.74,0,4.35,22.22,0,22.22,11.11,0,4.35,8.7,21.74,4.35,0,22.22,11.11,0,0,0,0,8.7,0,0,0,0,0,0,4.35,0,0,0,0,11.11,0,0,0,0,0,0,0,0,0,0,0,0,0,0,0,33.33,33.33,0,0,0,33.33,0,0,0,0,0,100,0,0
"120",390481,"Harshal Patel","RHB",20,6.25,NA,24,3,12,173.91,83.33,133.33,141.18,50,120,NA,4.33,25,NA,NA,50,72.22,159.57,150,NA,17.86,7.14,21.43,3.57,3.57,1.79,21.05,7.89,5.26,0,1.79,5.36,1.79,23.21,0,0,10.53,5.26,5.26,18.42,5.26,5.36,5.36,10.53,5.26,0,0,1.79,0,0,0,2.63,0,0,0,2.63,0,0,0,0,0,0,0,0,0,0,0,0,6.67,0,20,13.33,0,20,20,20,0,0,0,20,20,20,20,20
"121",342619,"Bhanuka Rajapaksa","LHB",10.5,28,NA,21.67,NA,13,131.25,133.33,271.43,144.44,60,216.67,NA,15.4,17.5,NA,NA,166.67,113.24,172.13,80,NA,9.71,8.74,5.83,13.59,8.74,7.77,13.85,4.62,12.31,1.54,2.91,17.48,2.91,11.65,0.97,0.97,9.23,6.15,6.15,6.15,1.54,0.97,2.91,16.92,4.62,0.97,0,0.97,2.91,0,0,0,1.54,0,7.69,0,7.69,0,0,0,0,0,0,0,0,0,0,0,10,6.67,10,10,6.67,26.67,6.67,23.33,25,25,25,12.5,0,12.5,0,0
"122",694211,"Avesh Khan","RHB",NA,12,NA,NA,NA,NA,175,400,0,120,100,100,NA,7,NA,NA,NA,NA,233.33,142.86,NA,NA,0,0,0,25,8.33,0,0,20,0,0,0,0,0,66.67,0,0,0,0,0,40,0,0,0,0,20,0,0,0,0,0,0,0,0,0,20,0,0,0,0,0,0,0,0,0,0,0,0,0,0,25,50,25,0,0,0,0,100,0,0,0,0,0,0,0
"123",1168641,"Harpreet Brar","LHB",65,6.67,3,22,NA,NA,209.68,88.89,33.33,73.33,33.33,200,NA,9.67,20,NA,NA,111.76,111.54,113.21,50,NA,9.41,3.53,20,12.94,10.59,1.18,6.98,13.95,25.58,0,2.35,12.94,4.71,14.12,1.18,1.18,18.6,2.33,0,0,0,1.18,2.35,25.58,2.33,0,0,0,2.35,0,0,0,2.33,0,2.33,0,0,0,0,0,0,0,0,0,0,0,0,0,13.33,0,13.33,20,20,20,6.67,6.67,33.33,0,33.33,0,0,0,0,33.33
"124",719719,"M Shahrukh Khan","RHB",32.67,19.43,15.67,28.67,19,9,171.93,115.25,180.77,136.51,90.48,128.57,NA,17.86,20.08,NA,NA,104.55,138.89,139.31,107.14,NA,10.36,8.29,16.06,11.92,7.25,2.59,15.08,18.25,11.11,2.38,1.04,10.88,6.74,14.51,3.11,1.55,7.94,7.14,0.79,7.14,2.38,0.52,2.07,17.46,5.56,1.04,2.07,0,0,0,0,0,0,0,4.76,0,0,0,0,0,0,0,0,0,0,0,0,0,5.88,5.88,33.33,29.41,5.88,9.8,1.96,7.84,0,8.33,33.33,25,0,25,0,8.33
"125",1292502,"RajBawa","LHB",NA,3,NA,NA,NA,0,200,42.86,NA,100,NA,0,NA,0.5,NA,NA,NA,100,16.67,128.57,NA,NA,25,0,0,0,50,0,10,10,30,0,0,25,0,0,0,0,20,0,10,0,0,0,0,10,0,0,0,0,0,0,0,0,0,0,0,10,0,0,0,0,0,0,0,0,0,0,0,0,0,0,100,0,0,0,0,0,NA,NA,NA,NA,NA,NA,NA,NA
"126",237696,"Sheldon Jackson","RHB",NA,5,1,3.5,NA,NA,83.33,62.5,50,140,100,100,3,4,5.5,NA,NA,100,57.14,91.67,133.33,NA,5.56,0,11.11,27.78,11.11,11.11,25,12.5,0,0,11.11,16.67,0,0,0,0,12.5,12.5,0,0,0,0,5.56,37.5,0,0,0,0,0,0,0,0,0,0,0,0,0,0,0,0,0,0,0,0,0,0,0,0,0,100,0,0,0,0,0,0,66.67,0,33.33,0,0,0,0,0
"127",720465,"Virat Singh","LHB",NA,9,NA,5,NA,NA,100,50,NA,71.43,NA,NA,NA,NA,2.5,NA,NA,NA,100,31.25,NA,NA,0,0,9.09,9.09,9.09,9.09,26.67,20,13.33,6.67,9.09,9.09,0,9.09,0,0,20,0,0,0,0,0,36.36,6.67,0,0,0,0,0,0,0,0,0,0,0,0,6.67,0,0,0,0,0,0,0,0,0,0,0,100,0,0,0,0,0,0,0,0,0,0,50,0,50,0,0
"128",823509,"Glenn Phillips","RHB",13,2.33,6,NA,NA,16,118.18,38.89,200,125,NA,320,NA,12.5,6.33,NA,0,600,192.31,63.33,233.33,0,14.63,9.76,9.76,9.76,17.07,0,12.5,0,0,0,12.2,12.2,4.88,2.44,7.32,0,0,50,0,0,12.5,0,0,25,0,0,0,0,0,0,0,0,0,0,0,0,0,0,0,0,0,0,0,0,0,0,0,0,0,0,25,12.5,37.5,12.5,0,12.5,33.33,33.33,0,0,33.33,0,0,0
"129",230193,"Matthew Wade","LHB",10,10.6,8,NA,NA,NA,100,85.48,266.67,144.74,NA,220,NA,20.5,13,NA,NA,200,128.12,95.59,100,NA,10.11,14.61,10.11,10.11,5.62,4.49,7.27,5.45,9.09,1.82,7.87,20.22,7.87,3.37,0,0,12.73,21.82,1.82,3.64,1.82,1.12,4.49,25.45,0,0,0,0,0,0,0,1.82,0,5.45,0,1.82,0,0,0,0,0,0,0,0,0,0,0,0,12,16,24,4,12,12,16,4,50,0,0,0,16.67,33.33,0,0
"130",489889,"Pat Cummins","RHB",54,50,NA,4.25,6,NA,270,200,300,141.67,66.67,200,NA,15.33,24,25,NA,400,170.37,180,277.78,NA,16.22,1.35,17.57,9.46,4.05,1.35,50,10,0,0,8.11,9.46,8.11,16.22,2.7,0,20,10,0,0,0,0,4.05,0,10,0,1.35,0,0,0,0,0,0,0,0,0,0,0,0,0,0,0,0,0,0,0,0,0,4.17,16.67,16.67,20.83,20.83,8.33,0,12.5,20,0,40,20,0,0,20,0
"131",277912,"Trent Boult","RHB",NA,17,NA,15,1,NA,125,130.77,133.33,115.38,33.33,166.67,NA,11,35,NA,NA,0,129.41,120.69,NA,NA,6.9,13.79,13.79,17.24,13.79,3.45,13.64,18.18,0,0,3.45,6.9,3.45,13.79,0,0,4.55,9.09,4.55,9.09,0,0,3.45,18.18,0,0,0,0,0,0,4.55,4.55,4.55,0,9.09,0,0,0,0,0,0,0,0,0,0,0,0,0,0,0,20,20,20,20,0,20,0,0,0,50,50,0,0,0
"132",700167,"Navdeep Saini","RHB",NA,1.5,NA,NA,NA,NA,100,60,NA,NA,NA,NA,NA,2,2,NA,NA,NA,66.67,66.67,NA,NA,0,0,0,0,0,50,0,40,40,0,0,0,0,50,0,0,0,0,20,0,0,0,0,0,0,0,0,0,0,0,0,0,0,0,0,0,0,0,0,0,0,0,0,0,0,0,0,0,NA,NA,NA,NA,NA,NA,NA,NA,50,0,0,0,0,0,0,50
"133",721867,"Jitesh Sharma","RHB",27.33,19.57,23.5,32,NA,41,197.59,131.73,213.64,126.32,71.43,273.33,37,38.75,21,25.5,NA,205.56,131.36,163.64,212.5,NA,17.62,7.77,13.47,12.95,5.7,3.11,8.46,20.77,13.08,2.31,4.15,6.74,5.18,9.84,5.7,0,6.92,7.69,0.77,6.15,3.85,0,5.18,10,10,1.04,0.52,0,1.04,0,0,0,0.77,0.77,5.38,2.31,0,0,0,0.77,0,0,0,0,0,0,0,0,8.57,7.14,17.14,14.29,24.29,12.86,5.71,10,0,7.69,7.69,15.38,30.77,15.38,7.69,15.38
"134",625960,"Kyle Jamieson","RHB",9.5,NA,NA,NA,NA,6,126.67,104.76,0,166.67,75,120,NA,14.5,27,NA,NA,50,120.83,100,400,NA,9.38,6.25,28.12,3.12,9.38,0,21.74,30.43,4.35,0,0,12.5,0,15.62,12.5,0,13.04,0,4.35,17.39,0,3.12,0,8.7,0,0,0,0,0,0,0,0,0,0,0,0,0,0,0,0,0,0,0,0,0,0,0,0,0,0,12.5,25,25,25,0,12.5,0,0,0,100,0,0,0,0
"135",288284,"Josh Hazlewood","LHB",NA,NA,NA,NA,NA,NA,70,100,0,62.5,50,100,NA,NA,NA,NA,NA,NA,90,56.25,100,NA,13.79,20.69,6.9,0,17.24,10.34,0,0,0,0,13.79,6.9,3.45,6.9,0,0,0,0,0,0,0,0,0,0,0,0,0,0,0,0,0,0,0,0,0,0,0,0,0,0,0,0,0,0,0,0,0,0,0,0,0,0,0,100,0,0,NA,NA,NA,NA,NA,NA,NA,NA
"136",823703,"Rajat Patidar","RHB",105,21.57,NA,105,NA,8,205.88,111.85,290.91,145.83,66.67,133.33,NA,44,35.6,21,NA,186.67,147.9,130.88,262.5,NA,7.79,7.79,16.23,9.74,3.25,2.6,3.52,26.76,4.23,0.7,5.84,20.78,5.84,6.49,1.3,1.3,2.82,2.11,8.45,14.79,1.41,1.3,6.49,24.65,4.23,1.95,0.65,0.65,0,0,0.7,0,0,0,4.23,1.41,0,0,0,0,0,0,0,0,0,0,0,0,5.88,5.88,21.57,21.57,11.76,11.76,7.84,13.73,0,0,42.86,42.86,14.29,0,0,0
"137",1083851,"Suyash Prabhudessai","RHB",NA,8.2,3,20,NA,NA,138.1,105.13,100,105.26,0,300,0,15,10,NA,NA,0,140.62,85.11,283.33,NA,13.95,4.65,13.95,6.98,2.33,4.65,13.73,7.84,11.76,3.92,9.3,9.3,18.6,4.65,0,0,3.92,3.92,3.92,11.76,1.96,2.33,0,19.61,0,0,0,0,0,0,1.96,1.96,0,5.88,1.96,0,3.92,0,6.98,0,0,1.96,2.33,0,0,0,0,0,8.33,0,33.33,0,8.33,33.33,8.33,8.33,0,0,20,40,20,0,20,0
"138",5334,"Aaron Finch","RHB",NA,5.5,6,8,NA,NA,282.35,55,150,94.12,NA,166.67,NA,19,13,NA,NA,140,158.33,130,100,NA,16.39,8.2,4.92,6.56,11.48,3.28,0,0,0,0,4.92,24.59,6.56,6.56,4.92,1.64,22.22,22.22,22.22,11.11,22.22,0,0,0,0,0,0,0,0,0,0,0,0,0,0,0,0,0,0,0,0,0,0,0,0,0,0,0,15.38,0,15.38,23.08,15.38,15.38,15.38,0,33.33,0,0,0,0,0,33.33,33.33
"139",398506,"Mandeep Singh","RHB",NA,4,NA,12,NA,4,120,80,166.67,70.59,NA,133.33,NA,NA,6.4,NA,NA,100,120,88.89,0,NA,2.94,8.82,2.94,11.76,8.82,2.94,7.14,7.14,7.14,7.14,14.71,14.71,5.88,8.82,0,0,21.43,0,0,7.14,0,0,11.76,35.71,0,0,2.94,0,2.94,0,0,0,0,7.14,0,0,0,0,0,0,0,0,0,0,0,0,0,0,28.57,0,14.29,14.29,0,14.29,14.29,14.29,0,0,0,33.33,0,0,0,66.67
"140",51880,"Chris Gayle","LHB",31,10.25,24,61,NA,2,206.67,69.49,218.18,141.86,60,40,NA,11.17,35,NA,NA,100,115.52,132.91,350,NA,10,2,12,13,23,5,16.67,11.67,13.33,3.33,6,15,7,3,2,0,1.67,10,6.67,15,5,0,1,8.33,5,0,0,1,0,0,0,0,0,0,1.67,0,1.67,0,0,0,0,0,0,0,0,0,0,0,3.45,3.45,10.34,13.79,31.03,13.79,6.9,17.24,16.67,0,33.33,0,33.33,0,0,16.67
"141",330902,"Mustafizur Rahman","LHB",NA,NA,NA,NA,NA,NA,142.86,0,0,25,0,100,NA,NA,NA,NA,NA,0,81.82,28.57,100,NA,6.25,6.25,12.5,6.25,12.5,0,75,0,0,0,18.75,0,6.25,12.5,0,0,25,0,0,0,0,0,18.75,0,0,0,0,0,0,0,0,0,0,0,0,0,0,0,0,0,0,0,0,0,0,0,0,0,0,0,0,100,0,0,0,0,NA,NA,NA,NA,NA,NA,NA,NA
"142",4864,"Dan Christian","RHB",5,4,NA,0,NA,NA,90.91,57.14,0,0,0,NA,NA,6,1,NA,NA,0,60,27.27,250,NA,10,10,45,5,15,15,25,25,25,25,0,0,0,0,0,0,0,0,0,0,0,0,0,0,0,0,0,0,0,0,0,0,0,0,0,0,0,0,0,0,0,0,0,0,0,0,0,0,0,0,0,0,0,100,0,0,0,0,0,0,25,0,50,25
"143",29264,"Harbhajan Singh","RHB",NA,NA,NA,NA,NA,NA,150,NA,NA,100,NA,0,NA,NA,NA,NA,NA,NA,NA,100,100,NA,25,25,0,25,0,0,0,0,0,0,0,0,0,25,0,0,0,0,0,0,0,0,0,0,0,0,0,0,0,0,0,0,0,0,0,0,0,0,0,0,0,0,0,0,0,0,0,0,NA,NA,NA,NA,NA,NA,NA,NA,NA,NA,NA,NA,NA,NA,NA,NA
"144",974109,"Mujeeb Ur Rahman","RHB",NA,NA,NA,NA,NA,NA,NA,100,NA,NA,NA,NA,NA,NA,NA,NA,NA,NA,NA,100,NA,NA,100,0,0,0,0,0,0,0,0,0,0,0,0,0,0,0,0,0,0,0,0,0,0,0,0,0,0,0,0,0,0,0,0,0,0,0,0,0,0,0,0,0,0,0,0,0,0,0,NA,NA,NA,NA,NA,NA,NA,NA,NA,NA,NA,NA,NA,NA,NA,NA
"145",942645,"Khaleel Ahmed","RHB",NA,NA,NA,0,0,NA,100,NA,NA,0,0,NA,NA,0,1,NA,NA,NA,0,50,NA,NA,0,0,0,0,25,0,0,0,0,0,25,0,0,0,0,0,0,0,0,0,0,0,25,0,0,25,0,0,0,0,0,0,0,0,0,0,0,0,0,0,0,0,0,0,0,0,0,0,NA,NA,NA,NA,NA,NA,NA,NA,0,0,0,0,0,0,0,100
"146",424377,"Krishnappa Gowtham","RHB",3.33,6,NA,9,NA,NA,142.86,60,350,225,100,400,NA,5,8.5,1,NA,500,142.86,113.33,50,NA,7.69,7.69,7.69,15.38,23.08,7.69,14.29,14.29,7.14,0,0,0,0,15.38,7.69,0,7.14,21.43,0,0,0,0,0,0,14.29,0,0,7.69,0,0,0,0,7.14,0,0,0,14.29,0,0,0,0,0,0,0,0,0,0,0,20,20,20,20,0,20,0,0,0,0,0,50,50,0,0,0
"147",1123073,"Anuj Rawat","LHB",13,15,NA,33,NA,NA,136.84,76.92,266.67,140.43,40,221.43,NA,25.75,14.33,NA,NA,144.44,128.75,104.88,80,NA,3.85,8.46,13.85,6.15,12.31,0.77,16.39,8.2,4.92,3.28,10.77,13.08,6.15,10.77,0.77,0,4.92,11.48,3.28,1.64,0,0.77,4.62,16.39,11.48,3.08,0,4.62,0,0,0,1.64,0,6.56,6.56,0,3.28,0,0,0,0,0,0,0,0,0,0,0,11.11,0,7.41,11.11,18.52,29.63,14.81,7.41,66.67,0,16.67,0,0,16.67,0,0
"148",851261,"Anmolpreet Singh","RHB",10,14.67,NA,26,NA,NA,105.26,125.71,116.67,144.44,0,300,5,35,19.33,5,NA,166.67,145.83,111.54,125,NA,19.3,8.77,17.54,12.28,3.51,3.51,7.69,15.38,3.85,3.85,5.26,21.05,0,3.51,0,0,23.08,11.54,0,0,0,0,5.26,19.23,0,0,0,0,0,0,0,0,0,0,11.54,0,3.85,0,0,0,0,0,0,0,0,0,0,0,0,23.53,11.76,5.88,5.88,23.53,23.53,5.88,0,0,20,20,20,20,0,20
"149",477069,"Baba Indrajith","RHB",1,NA,0,NA,NA,NA,20,94.12,0,66.67,NA,NA,NA,7.5,6,NA,NA,0,100,42.86,NA,NA,3.85,0,3.85,7.69,19.23,3.85,0,25,0,0,34.62,26.92,0,0,0,0,50,0,0,25,0,0,0,0,0,0,0,0,0,0,0,0,0,0,0,0,0,0,0,0,0,0,0,0,0,0,0,0,50,0,50,0,0,0,0,0,33.33,33.33,0,33.33,0,0,0,0
"150",1175423,"Hrithik Shokeen","RHB",NA,21,NA,12,NA,NA,125,72.41,200,92.31,0,400,NA,NA,17,NA,NA,NA,107.14,87.18,133.33,NA,5.41,2.7,8.11,0,8.11,2.7,25.93,11.11,3.7,7.41,10.81,21.62,8.11,2.7,0,2.7,11.11,18.52,0,3.7,0,2.7,8.11,3.7,7.41,5.41,2.7,0,5.41,2.7,0,0,0,0,3.7,0,3.7,0,0,0,0,0,0,0,0,0,0,0,12.5,12.5,0,0,12.5,25,0,37.5,0,0,0,0,100,0,0,0
"151",290727,"Rishi Dhawan","RHB",19,9,NA,NA,NA,NA,111.76,94.74,0,140,50,250,NA,18,38,1,NA,NA,128.57,105.56,50,NA,12.5,8.33,8.33,20.83,4.17,4.17,29.63,7.41,3.7,7.41,0,0,4.17,25,4.17,0,7.41,3.7,0,0,0,0,8.33,14.81,7.41,0,0,0,0,0,3.7,0,0,0,0,0,7.41,0,0,7.41,0,0,0,0,0,0,0,0,0,0,37.5,37.5,12.5,12.5,0,0,0,0,0,100,0,0,0,0
"152",826915,"Nathan Ellis","RHB",NA,0.75,NA,NA,NA,NA,50,30,66.67,160,100,200,NA,5,4.67,NA,NA,NA,71.43,77.78,NA,NA,19.05,4.76,14.29,9.52,14.29,0,20,40,0,0,4.76,0,4.76,23.81,0,0,0,20,0,0,0,0,4.76,0,0,0,0,0,0,0,0,0,0,20,0,0,0,0,0,0,0,0,0,0,0,0,0,0,0,0,0,100,0,0,0,0,0,0,0,0,0,0,0,100
"153",1048841,"Sanjay Yadav","LHB",NA,NA,0,NA,NA,NA,NA,0,0,NA,NA,NA,NA,NA,0,NA,NA,NA,NA,0,NA,NA,50,50,0,0,0,0,0,0,0,0,0,0,0,0,0,0,0,0,0,0,0,0,0,0,0,0,0,0,0,0,0,0,0,0,0,0,0,0,0,0,0,0,0,0,0,0,0,0,NA,NA,NA,NA,NA,NA,NA,NA,0,100,0,0,0,0,0,0
"154",853265,"Mahipal Lomror","LHB",26.75,16.17,15.5,17.33,NA,20,162.12,105.43,206.67,157.58,77.78,181.82,33,17.43,30.25,9.5,NA,157.14,131.18,132.97,180.95,NA,11.4,6.14,10.53,14.91,4.39,2.63,4.31,16.38,5.17,4.31,7.89,9.65,8.77,7.02,0,0.88,10.34,14.66,0,2.59,1.72,1.75,4.39,22.41,7.76,2.63,2.63,0.88,1.75,0.88,0.86,0,0.86,1.72,6.03,0.86,0,0,0,0,0,0,0.88,0,0,0,0,0,2.7,13.51,16.22,8.11,16.22,24.32,13.51,5.41,8.33,16.67,8.33,8.33,25,25,8.33,0
"155",643433,"George Garton","LHB",NA,NA,NA,NA,0,NA,100,0,100,NA,0,NA,NA,0,NA,NA,NA,100,0,0,100,NA,0,0,0,25,0,25,0,0,0,0,0,0,0,50,0,0,0,0,0,0,0,0,0,0,0,0,0,0,0,0,0,0,0,0,0,0,0,0,0,0,0,0,0,0,0,0,0,0,NA,NA,NA,NA,NA,NA,NA,NA,NA,NA,NA,NA,NA,NA,NA,NA
"156",595978,"Tristan Stubbs","RHB",13,5,NA,NA,NA,NA,118.18,76.92,NA,0,100,50,NA,7,8,NA,NA,100,63.64,94.12,25,NA,12.5,12.5,33.33,0,0,4.17,36.36,9.09,9.09,0,8.33,8.33,0,4.17,4.17,0,27.27,0,0,0,0,0,0,0,0,4.17,0,8.33,0,0,0,0,0,9.09,9.09,0,0,0,0,0,0,0,0,0,0,0,0,0,0,0,0,50,0,0,0,50,0,0,0,0,50,50,0,0
"157",1151288,"Sai Sudharsan","LHB",50.67,40.33,13.5,NA,NA,21,202.67,100.83,142.11,131.51,85.71,190.91,NA,52.33,46,15,NA,131.25,126.61,143.75,300,NA,12.37,12.89,12.37,11.86,8.25,3.09,0,7.69,10.26,4.27,4.12,19.07,3.09,3.61,0.52,0,11.11,16.24,0.85,3.42,1.71,1.55,2.58,23.08,8.55,1.55,1.03,1.55,0,0,0,2.56,0,0,5.98,0.85,3.42,0,0,0,0,0,0,0,0,0.52,0,0,5.66,11.32,18.87,7.55,18.87,22.64,5.66,9.43,33.33,0,16.67,33.33,0,0,16.67,0
"158",1254269,"Aman Hakim Khan","RHB",20,15,6.5,15,NA,NA,148.15,73.17,260,100,200,100,NA,8.25,28.5,5,NA,114.29,89.19,132.56,125,NA,21.57,5.88,13.73,11.76,5.88,0,20.45,18.18,6.82,2.27,7.84,7.84,9.8,5.88,1.96,0,9.09,9.09,0,6.82,2.27,0,1.96,18.18,2.27,1.96,1.96,0,0,0,0,2.27,0,0,0,0,2.27,0,1.96,0,0,0,0,0,0,0,0,0,7.69,15.38,15.38,7.69,23.08,23.08,0,7.69,0,0,60,0,0,40,0,0
"159",5961,"Moises Henriques","RHB",NA,2,NA,NA,NA,NA,144.44,40,NA,111.11,100,100,NA,18,9,NA,NA,100,128.57,69.23,75,NA,25,8.33,8.33,8.33,8.33,0,0,25,5,15,8.33,0,0,16.67,0,0,10,0,0,5,5,8.33,8.33,25,10,0,0,0,0,0,0,0,0,0,0,0,0,0,0,0,0,0,0,0,0,0,0,0,0,0,100,0,0,0,0,0,NA,NA,NA,NA,NA,NA,NA,NA
"160",337790,"Rassie van der Dussen","RHB",3,6,NA,NA,NA,NA,75,66.67,100,50,NA,300,NA,4,10,NA,NA,NA,100,62.5,200,NA,10.53,0,10.53,15.79,5.26,0,0,0,25,0,5.26,21.05,0,5.26,0,0,0,0,0,0,0,0,5.26,50,25,5.26,0,5.26,10.53,0,0,0,0,0,0,0,0,0,0,0,0,0,0,0,0,0,0,0,50,0,0,0,50,0,0,0,0,0,0,0,0,0,0,100
"161",355269,"James Neesham","LHB",10,14,NA,NA,NA,0,111.11,127.27,NA,85.71,100,0,NA,7.5,13,NA,NA,100,100,118.18,NA,NA,0,0,0,0,22.22,0,0,5,35,10,0,22.22,0,11.11,22.22,0,0,5,0,10,5,0,11.11,10,10,0,0,0,11.11,0,0,0,0,5,5,0,0,0,0,0,0,0,0,0,0,0,0,0,33.33,0,0,0,0,66.67,0,0,0,0,33.33,33.33,0,0,0,33.33
"162",261354,"Nathan Coulter-Nile","RHB",1,1,NA,NA,NA,NA,50,33.33,NA,NA,100,200,NA,NA,1.5,NA,NA,0,100,75,NA,NA,0,0,16.67,0,16.67,0,0,0,0,0,0,16.67,0,50,0,0,0,100,0,0,0,0,0,0,0,0,0,0,0,0,0,0,0,0,0,0,0,0,0,0,0,0,0,0,0,0,0,0,NA,NA,NA,NA,NA,NA,NA,NA,0,0,100,0,0,0,0,0
"163",1048813,"Narayan Jagadeesan","RHB",24,10,3,NA,NA,1,88.89,93.02,75,156.76,60,50,NA,10,21.25,NA,NA,400,93.75,107.59,166.67,NA,16.85,13.48,12.36,7.87,6.74,4.49,14.29,14.29,8.57,0,4.49,3.37,4.49,4.49,3.37,0,2.86,20,0,0,5.71,0,12.36,8.57,8.57,0,1.12,2.25,0,2.25,0,2.86,0,2.86,11.43,0,0,0,0,0,0,0,0,0,0,0,0,0,5.26,0,10.53,5.26,10.53,5.26,36.84,26.32,0,0,50,0,0,33.33,16.67,0
"164",1079848,"Shivam Mavi","RHB",5,7,NA,NA,NA,6,100,127.27,NA,25,40,300,NA,13,2.5,10,NA,0,185.71,35.71,200,NA,13.04,4.35,13.04,8.7,0,4.35,0,0,0,0,0,13.04,4.35,21.74,0,0,0,0,0,0,0,4.35,4.35,40,20,4.35,0,4.35,0,0,0,0,0,0,40,0,0,0,0,0,0,0,0,0,0,0,0,0,25,25,0,0,0,0,50,0,0,0,50,50,0,0,0,0
"165",917159,"Prasidh Krishna","RHB",NA,3,NA,NA,NA,NA,0,50,0,75,0,NA,NA,1,NA,NA,NA,NA,25,55.56,NA,NA,0,9.09,0,0,27.27,0,0,0,50,0,18.18,9.09,0,18.18,9.09,0,0,0,0,0,0,0,9.09,0,0,0,0,0,0,0,0,0,0,0,0,0,50,0,0,0,0,0,0,0,0,0,0,0,NA,NA,NA,NA,NA,NA,NA,NA,NA,NA,NA,NA,NA,NA,NA,NA
"166",670013,"Fabian Allen","RHB",3,NA,NA,2,NA,NA,75,50,NA,50,0,250,NA,1,12,NA,NA,100,50,75,NA,NA,16.67,8.33,8.33,0,25,8.33,14.29,14.29,28.57,0,0,0,0,25,0,0,28.57,0,14.29,0,0,0,8.33,0,0,0,0,0,0,0,0,0,0,0,0,0,0,0,0,0,0,0,0,0,0,0,0,0,0,0,0,0,0,100,0,0,0,0,0,0,0,50,0,50
"167",1132005,"Mohsin Khan","LHB",NA,6,NA,NA,4,NA,240,75,0,0,100,100,NA,7,16,NA,NA,0,100,114.29,0,NA,20,20,10,0,10,0,0,0,16.67,0,5,0,10,20,0,0,0,0,0,50,0,0,0,16.67,0,0,5,0,0,0,0,0,0,0,0,0,16.67,0,0,0,0,0,0,0,0,0,0,0,33.33,0,33.33,0,33.33,0,0,0,0,0,100,0,0,0,0,0
"168",1125688,"Mukesh Choudhary","LHB",NA,NA,NA,NA,NA,NA,0,250,0,100,NA,0,NA,NA,NA,NA,NA,NA,40,400,NA,NA,0,0,0,0,25,0,0,50,0,0,50,0,25,0,0,0,0,0,0,0,0,0,0,50,0,0,0,0,0,0,0,0,0,0,0,0,0,0,0,0,0,0,0,0,0,0,0,0,100,0,0,0,0,0,0,0,NA,NA,NA,NA,NA,NA,NA,NA
"169",774223,"Jhye Richardson","RHB",NA,1,NA,NA,NA,NA,133.33,20,0,100,NA,NA,NA,7,8,NA,NA,NA,77.78,57.14,NA,NA,22.22,11.11,0,0,0,0,6.25,6.25,18.75,0,22.22,22.22,0,11.11,0,0,12.5,6.25,6.25,0,6.25,0,11.11,31.25,6.25,0,0,0,0,0,0,0,0,0,0,0,0,0,0,0,0,0,0,0,0,0,0,0,0,0,50,0,0,50,0,0,0,0,0,100,0,0,0,0
"170",290716,"Kedar Jadhav","RHB",3.5,19.5,NA,NA,NA,NA,100,118.18,200,87.5,100,0,NA,41,8.67,NA,NA,NA,136.67,81.25,NA,NA,5.26,7.89,7.89,5.26,10.53,0,3.7,22.22,0,3.7,2.63,31.58,10.53,0,0,2.63,7.41,18.52,0,0,0,0,7.89,22.22,3.7,7.89,0,0,0,0,11.11,7.41,0,0,0,0,0,0,0,0,0,0,0,0,0,0,0,0,20,0,20,20,0,0,20,20,NA,NA,NA,NA,NA,NA,NA,NA
"171",398666,"Sean Abbott","RHB",NA,6,NA,NA,NA,NA,NA,200,0,100,NA,NA,NA,NA,7,NA,NA,NA,NA,140,NA,NA,0,0,20,0,20,0,0,0,0,0,20,0,0,40,0,0,0,0,0,0,0,0,0,0,0,0,0,0,0,0,0,0,0,0,0,0,0,0,0,0,0,0,0,0,0,0,0,0,0,0,0,100,0,0,0,0,0,0,0,0,0,0,100,0
"172",450860,"Adam Milne","RHB",NA,3,NA,NA,1,NA,122.22,75,0,100,50,NA,NA,6,10,NA,NA,NA,66.67,125,NA,NA,5.88,5.88,47.06,11.76,5.88,0,0,100,0,0,5.88,5.88,5.88,5.88,0,0,0,0,0,0,0,0,0,0,0,0,0,0,0,0,0,0,0,0,0,0,0,0,0,0,0,0,0,0,0,0,0,0,0,0,0,0,100,0,0,0,0,0,100,0,0,0,0,0
"173",390484,"Jaydev Unadkat","RHB",31,28,11,26,NA,NA,155,147.37,157.14,173.33,80,128.57,NA,NA,18,NA,NA,0,217.65,133.33,0,NA,25.4,4.76,12.7,12.7,6.35,0,23.08,7.69,0,7.69,1.59,1.59,1.59,20.63,3.17,0,15.38,15.38,0,7.69,0,0,6.35,0,0,0,3.17,0,0,0,0,0,0,0,7.69,0,15.38,0,0,0,0,0,0,0,0,0,0,0,7.69,15.38,23.08,0,15.38,15.38,0,23.08,0,0,0,25,25,50,0,0
"174",35390,"Saurabh Tiwary","LHB",44,48,NA,NA,NA,NA,133.33,114.29,100,85.71,100,175,NA,NA,62,5,NA,200,95.45,137.78,100,NA,21.82,3.64,14.55,5.45,7.27,3.64,4.65,25.58,6.98,0,10.91,18.18,1.82,3.64,1.82,0,13.95,4.65,2.33,2.33,2.33,0,7.27,25.58,0,0,0,0,0,0,0,0,0,0,6.98,0,4.65,0,0,0,0,0,0,0,0,0,0,0,0,8.33,25,25,25,8.33,0,8.33,50,0,0,50,0,0,0,0
"175",1161489,"Rasikh Salam","RHB",NA,3,NA,NA,NA,NA,400,75,NA,0,NA,NA,NA,NA,4,NA,NA,0,100,200,NA,NA,40,0,0,0,20,0,0,0,0,0,0,20,0,20,0,0,0,0,0,0,0,0,0,0,0,0,0,0,0,0,0,0,0,0,0,0,0,0,0,0,0,0,0,0,0,0,0,0,0,0,0,0,0,0,100,0,0,0,0,100,0,0,0,0
"176",1108375,"Varun Chakravarthy","RHB",NA,NA,NA,NA,NA,NA,50,12.5,25,62.5,25,400,NA,NA,NA,NA,NA,100,36.36,52.63,NA,NA,12.5,20.83,12.5,8.33,0,0,44.44,22.22,0,0,20.83,4.17,16.67,0,0,0,0,11.11,0,0,11.11,0,4.17,11.11,0,0,0,0,0,0,0,0,0,0,0,0,0,0,0,0,0,0,0,0,0,0,0,0,0,0,0,0,0,0,50,50,NA,NA,NA,NA,NA,NA,NA,NA
"177",1201520,"Ripal Patel","RHB",23,10.5,NA,NA,NA,NA,121.05,77.78,NA,144.44,66.67,140,NA,NA,17.33,NA,NA,100,130,101.96,NA,NA,10,2,26,4,4,4,7.69,15.38,3.85,0,6,22,2,14,0,2,7.69,3.85,3.85,7.69,0,0,4,3.85,7.69,0,0,0,0,0,0,3.85,0,0,7.69,11.54,11.54,0,0,3.85,0,0,0,0,0,0,0,0,0,0,37.5,12.5,12.5,0,0,37.5,0,0,33.33,33.33,0,0,33.33,0
"178",1209292,"Vaibhav Arora","RHB",NA,2,NA,2,NA,NA,66.67,66.67,0,28.57,NA,200,NA,3,4,NA,NA,50,50,57.14,NA,NA,6.67,6.67,20,6.67,33.33,0,0,100,0,0,13.33,0,0,6.67,0,0,0,0,0,0,0,0,0,0,0,0,0,6.67,0,0,0,0,0,0,0,0,0,0,0,0,0,0,0,0,0,0,0,0,NA,NA,NA,NA,NA,NA,NA,NA,NA,NA,NA,NA,NA,NA,NA,NA
"179",439952,"Chris Morris","RHB",5,12,NA,NA,NA,19,107.14,100,200,127.27,100,316.67,NA,9,17,NA,NA,NA,192.86,109.68,150,NA,31.91,6.38,14.89,14.89,4.26,2.13,0,0,20,40,0,2.13,4.26,17.02,0,0,0,0,0,0,0,0,2.13,0,0,0,0,0,0,0,0,0,0,20,20,0,0,0,0,0,0,0,0,0,0,0,0,0,0,14.29,57.14,14.29,0,0,0,14.29,25,0,25,25,0,25,0,0
"180",25913,"Mohammad Nabi","RHB",NA,6,NA,NA,NA,NA,225,138.46,0,600,NA,NA,NA,24,4.5,NA,NA,NA,184.62,150,NA,NA,11.11,11.11,22.22,11.11,0,0,7.69,38.46,0,0,0,22.22,11.11,11.11,0,0,15.38,0,0,15.38,7.69,0,0,15.38,0,0,0,0,0,0,0,0,0,0,0,0,0,0,0,0,0,0,0,0,0,0,0,0,0,20,0,40,20,20,0,0,0,0,0,33.33,0,66.67,0,0
"181",662973,"Sam Curran","LHB",29.67,15,26,77,5,NA,158.93,107.14,236.36,148.08,107.14,230,17.5,21.83,24.4,NA,NA,120.69,132.32,156.41,242.86,NA,11.97,10.26,10.26,7.69,8.55,1.71,10.38,29.25,7.55,0.94,2.56,15.38,7.69,11.11,3.42,0,10.38,9.43,3.77,4.72,1.89,1.71,3.42,16.04,2.83,2.56,0,0.85,0,0,0,0,0,0,1.89,0.94,0,0,0,0,0,0,0,0,0,0.85,0,0,12.82,12.82,25.64,5.13,15.38,10.26,10.26,7.69,12.5,0,0,37.5,25,25,0,0
"182",447261,"Deepak Chahar","RHB",NA,NA,NA,NA,NA,NA,100,100,0,NA,NA,NA,NA,NA,NA,NA,NA,NA,100,50,NA,NA,0,0,50,50,0,0,0,0,0,0,0,0,0,0,0,0,0,0,0,100,0,0,0,0,0,0,0,0,0,0,0,0,0,0,0,0,0,0,0,0,0,0,0,0,0,0,0,0,NA,NA,NA,NA,NA,NA,NA,NA,NA,NA,NA,NA,NA,NA,NA,NA
"183",1131754,"Chetan Sakariya","LHB",7,2,NA,2.5,NA,NA,100,20,0,100,50,100,NA,NA,4,0,NA,33.33,50,70.59,0,NA,15,0,5,5,15,0,57.14,0,0,0,15,5,10,25,0,0,0,0,28.57,0,0,0,0,14.29,0,0,0,5,0,0,0,0,0,0,0,0,0,0,0,0,0,0,0,0,0,0,0,0,50,0,50,0,0,0,0,0,0,0,0,0,66.67,33.33,0,0
"184",1206495,"Kuldip Yadav","LHB",NA,NA,NA,NA,NA,NA,0,NA,NA,0,NA,NA,NA,NA,NA,NA,NA,0,NA,NA,NA,NA,0,0,0,0,25,0,0,0,0,0,50,0,0,0,0,0,0,0,0,0,0,0,25,0,0,0,0,0,0,0,0,0,0,0,0,0,0,0,0,0,0,0,0,0,0,0,0,0,NA,NA,NA,NA,NA,NA,NA,NA,NA,NA,NA,NA,NA,NA,NA,NA
"185",502714,"Mitchell Santner","LHB",NA,3,NA,8,NA,NA,225,33.33,0,80,100,100,NA,4,16,NA,NA,40,44.44,123.08,NA,NA,6.67,0,3.33,16.67,20,0,0,0,0,0,10,16.67,10,0,0,0,0,0,0,0,0,0,6.67,0,0,0,0,10,0,0,0,0,0,0,0,0,0,0,0,0,0,0,0,0,0,0,0,0,33.33,0,33.33,0,0,33.33,0,0,0,0,0,0,0,100,0,0
"186",232364,"Tim Southee","RHB",NA,1,2,0,NA,0,50,33.33,50,0,0,0,NA,0.25,4,NA,NA,0,16.67,40,NA,NA,0,7.14,7.14,21.43,7.14,0,33.33,33.33,0,0,28.57,7.14,0,21.43,0,0,0,0,0,33.33,0,0,0,0,0,0,0,0,0,0,0,0,0,0,0,0,0,0,0,0,0,0,0,0,0,0,0,0,NA,NA,NA,NA,NA,NA,NA,NA,0,33.33,0,66.67,0,0,0,0
"187",625964,"Tim Seifert","RHB",8,10,NA,4,NA,NA,160,100,400,57.14,NA,NA,NA,NA,6.33,NA,NA,200,0,118.75,100,NA,8.7,0,13.04,8.7,26.09,0,33.33,0,0,0,4.35,4.35,17.39,4.35,4.35,0,0,66.67,0,0,0,0,0,0,0,0,0,4.35,0,0,0,0,0,0,0,0,0,4.35,0,0,0,0,0,0,0,0,0,0,0,25,0,25,25,25,0,0,0,0,100,0,0,0,0,0
"188",311158,"Ben Stokes","LHB",NA,NA,NA,0,NA,NA,0,NA,NA,0,NA,NA,NA,0,NA,NA,NA,NA,0,NA,NA,NA,0,0,0,33.33,0,0,0,0,0,0,0,33.33,0,0,33.33,0,0,0,0,0,0,0,0,0,0,0,0,0,0,0,0,0,0,0,0,0,0,0,0,0,0,0,0,0,0,0,0,0,NA,NA,NA,NA,NA,NA,NA,NA,0,0,0,100,0,0,0,0
"189",1246518,"Karan Sharma","RHB",NA,7,NA,4,NA,NA,33.33,53.85,NA,88.89,NA,NA,NA,NA,2.67,NA,NA,NA,100,50,0,NA,16.67,16.67,8.33,8.33,0,0,7.69,15.38,7.69,0,16.67,8.33,8.33,0,0,0,7.69,15.38,0,0,0,0,8.33,46.15,0,8.33,0,0,0,0,0,0,0,0,0,0,0,0,0,0,0,0,0,0,0,0,0,0,0,0,0,0,0,100,0,0,0,0,33.33,0,33.33,0,33.33,0
"190",236489,"Dawid Malan","LHB",NA,4,NA,NA,NA,NA,600,80,400,58.82,100,100,NA,2,NA,NA,NA,400,28.57,111.11,NA,NA,20,10,10,10,10,10,0,12.5,0,0,0,0,0,10,0,0,50,6.25,0,6.25,0,0,0,18.75,0,20,0,0,0,0,0,0,0,0,0,6.25,0,0,0,0,0,0,0,0,0,0,0,0,0,0,50,0,0,0,0,50,NA,NA,NA,NA,NA,NA,NA,NA
"191",279545,"Pradeep Sangwan","RHB",NA,NA,NA,NA,0,NA,NA,50,NA,50,0,NA,NA,1,NA,NA,NA,NA,50,33.33,NA,NA,0,0,0,16.67,0,0,0,0,0,0,50,16.67,0,0,0,0,0,0,0,0,0,0,16.67,0,0,0,0,0,0,0,0,0,0,0,0,0,0,0,0,0,0,0,0,0,0,0,0,0,NA,NA,NA,NA,NA,NA,NA,NA,NA,NA,NA,NA,NA,NA,NA,NA
"192",527663,"Jagadeesha Suchith","LHB",2,0,NA,NA,NA,NA,66.67,0,300,200,NA,0,NA,7.5,NA,NA,NA,0,136.36,50,NA,NA,20,0,10,30,0,0,0,75,0,0,0,20,0,0,0,0,0,0,0,0,0,0,10,0,0,0,10,0,0,0,0,0,0,0,25,0,0,0,0,0,0,0,0,0,0,0,0,0,0,0,0,0,0,33.33,33.33,33.33,0,0,0,100,0,0,0,0
"193",381743,"Daryl Mitchell","RHB",9,NA,NA,6,NA,NA,100,76.19,100,50,NA,100,NA,4.5,NA,NA,NA,133.33,50,90.91,0,NA,9.09,4.55,27.27,13.64,13.64,0,8.33,12.5,0,4.17,4.55,18.18,0,9.09,0,0,12.5,8.33,4.17,0,0,0,0,33.33,8.33,0,0,0,0,0,0,0,4.17,4.17,0,0,0,0,0,0,0,0,0,0,0,0,0,0,0,0,0,0,0,0,100,0,0,0,0,50,0,50,0,0
"194",379145,"Tabraiz Shamsi","RHB",NA,NA,NA,NA,NA,NA,100,50,NA,NA,0,NA,NA,NA,NA,NA,NA,NA,NA,50,NA,NA,0,25,0,0,25,0,0,0,0,0,50,0,0,0,0,0,0,0,0,0,0,0,0,0,0,0,0,0,0,0,0,0,0,0,0,0,0,0,0,0,0,0,0,0,0,0,0,0,NA,NA,NA,NA,NA,NA,NA,NA,NA,NA,NA,NA,NA,NA,NA,NA
"195",532856,"Manan Vohra","RHB",NA,6.5,4,21,NA,NA,237.5,78.79,133.33,140,50,NA,0,7,23,NA,NA,0,140,104.55,400,NA,5.36,8.93,8.93,10.71,17.86,1.79,0,0,0,14.29,7.14,25,1.79,3.57,3.57,0,14.29,0,0,28.57,0,0,3.57,28.57,14.29,1.79,0,0,0,0,0,0,0,0,0,0,0,0,0,0,0,0,0,0,0,0,0,0,9.09,18.18,36.36,9.09,9.09,9.09,9.09,0,0,0,40,60,0,0,0,0
"196",438362,"Sandeep Sharma","RHB",NA,NA,NA,NA,NA,NA,140,33.33,NA,50,33.33,NA,NA,NA,NA,NA,NA,NA,150,44.44,NA,NA,0,0,15.38,0,0,0,0,0,0,0,23.08,23.08,7.69,23.08,7.69,0,0,0,0,0,100,0,0,0,0,0,0,0,0,0,0,0,0,0,0,0,0,0,0,0,0,0,0,0,0,0,0,0,0,0,0,0,0,0,0,100,NA,NA,NA,NA,NA,NA,NA,NA
"197",1079839,"Anukul Roy","LHB",NA,3,NA,4,NA,NA,250,75,NA,133.33,66.67,125,0,NA,2,NA,NA,0,155.56,66.67,150,NA,0,0,50,0,0,0,40,20,0,0,20,10,0,20,0,0,0,0,0,0,20,0,0,20,0,0,0,0,0,0,0,0,0,0,0,0,0,0,0,0,0,0,0,0,0,0,0,0,50,0,0,0,0,50,0,0,0,0,0,0,0,0,0,100
"198",1070188,"Kamlesh Nagarkoti","RHB",0,NA,NA,NA,NA,NA,0,0,NA,NA,NA,NA,NA,0,NA,NA,NA,NA,0,NA,NA,NA,0,0,50,0,50,0,0,0,0,0,0,0,0,0,0,0,0,0,0,0,0,0,0,0,0,0,0,0,0,0,0,0,0,0,0,0,0,0,0,0,0,0,0,0,0,0,0,0,NA,NA,NA,NA,NA,NA,NA,NA,0,0,0,100,0,0,0,0
"199",974175,"Fazalhaq Farooqi","RHB",NA,NA,NA,NA,NA,NA,33.33,25,0,25,0,NA,NA,NA,NA,NA,NA,0,50,12.5,NA,NA,0,0,12.5,0,37.5,0,40,0,0,0,37.5,0,12.5,0,0,0,0,0,0,40,0,0,0,20,0,0,0,0,0,0,0,0,0,0,0,0,0,0,0,0,0,0,0,0,0,0,0,0,NA,NA,NA,NA,NA,NA,NA,NA,NA,NA,NA,NA,NA,NA,NA,NA
"200",1159722,"Simarjeet Singh","RHB",NA,3,NA,NA,NA,NA,100,75,200,50,NA,NA,NA,4,NA,NA,NA,NA,100,75,NA,NA,0,20,20,20,0,0,66.67,0,0,0,0,40,0,0,0,0,0,0,0,0,0,0,0,33.33,0,0,0,0,0,0,0,0,0,0,0,0,0,0,0,0,0,0,0,0,0,0,0,0,NA,NA,NA,NA,NA,NA,NA,NA,NA,NA,NA,NA,NA,NA,NA,NA
"201",32966,"Piyush Chawla","LHB",13,9,NA,2,NA,NA,162.5,112.5,0,66.67,0,100,NA,3,21,0,NA,50,42.86,161.54,0,NA,30.43,4.35,17.39,8.7,0,0,0,0,0,0,4.35,8.7,0,13.04,4.35,4.35,0,0,0,0,0,0,4.35,100,0,0,0,0,0,0,0,0,0,0,0,0,0,0,0,0,0,0,0,0,0,0,0,0,0,0,50,0,50,0,0,0,0,0,0,50,50,0,0,0
"202",1312645,"Harshit Rana","RHB",2,NA,NA,0,NA,NA,200,NA,NA,0,NA,0,NA,1,NA,NA,NA,NA,100,0,NA,NA,33.33,0,33.33,0,33.33,0,0,0,0,0,0,0,0,0,0,0,0,0,0,0,0,0,0,0,0,0,0,0,0,0,0,0,0,0,0,0,0,0,0,0,0,0,0,0,0,0,0,0,NA,NA,NA,NA,NA,NA,NA,NA,NA,NA,NA,NA,NA,NA,NA,NA
"203",1081183,"Abhijeet Tomar","RHB",NA,0,NA,NA,NA,NA,0,0,NA,100,NA,NA,NA,0,NA,NA,NA,NA,0,57.14,NA,NA,0,50,0,0,0,0,0,0,0,0,37.5,0,0,12.5,0,0,0,0,0,0,0,0,0,0,0,0,0,0,0,0,0,0,0,0,0,0,0,0,0,0,0,0,0,0,0,0,0,0,0,0,0,0,0,0,100,0,0,100,0,0,0,0,0,0
"204",550235,"Tom Curran","RHB",NA,NA,NA,NA,0,NA,166.67,100,400,50,0,NA,NA,14,NA,NA,NA,NA,140,100,NA,NA,14.29,7.14,28.57,7.14,0,0,0,33.33,0,0,0,28.57,0,7.14,0,0,0,33.33,0,0,0,0,7.14,33.33,0,0,0,0,0,0,0,0,0,0,0,0,0,0,0,0,0,0,0,0,0,0,0,0,0,0,50,0,0,50,0,0,NA,NA,NA,NA,NA,NA,NA,NA
"205",459257,"Tymal Mills","RHB",NA,NA,NA,0,NA,NA,NA,0,0,0,NA,NA,NA,NA,0,NA,NA,NA,0,0,NA,NA,0,66.67,0,33.33,0,0,0,0,0,0,0,0,0,0,0,0,0,0,0,0,0,0,0,0,0,0,0,0,0,0,0,0,0,0,0,0,0,0,0,0,0,0,0,0,0,0,0,0,NA,NA,NA,NA,NA,NA,NA,NA,0,0,0,0,0,100,0,0
"206",481979,"Anrich Nortje","RHB",NA,NA,NA,NA,1,NA,16.67,33.33,400,200,33.33,80,NA,10,NA,NA,NA,25,100,100,266.67,NA,3.7,14.81,18.52,14.81,11.11,0,33.33,0,16.67,0,0,11.11,3.7,7.41,3.7,0,16.67,16.67,0,0,0,0,7.41,0,0,0,0,0,0,0,0,0,0,16.67,0,0,0,0,0,0,0,0,0,0,0,3.7,0,0,0,20,40,0,0,20,0,20,NA,NA,NA,NA,NA,NA,NA,NA
"207",247235,"Chris Woakes","RHB",NA,NA,NA,NA,NA,NA,166.67,83.33,NA,250,NA,NA,NA,NA,NA,NA,NA,NA,80,183.33,NA,NA,28.57,14.29,14.29,0,14.29,0,0,50,0,0,0,0,0,14.29,0,0,0,25,0,0,0,0,0,25,0,0,0,0,14.29,0,0,0,0,0,0,0,0,0,0,0,0,0,0,0,0,0,0,0,0,0,0,0,0,50,50,0,NA,NA,NA,NA,NA,NA,NA,NA
"208",1176959,"Akash Deep","RHB",NA,0,NA,NA,NA,NA,NA,0,NA,NA,NA,NA,NA,NA,0,NA,NA,NA,0,0,NA,NA,0,0,0,0,0,0,50,0,50,0,0,0,0,0,0,0,0,0,0,0,0,0,0,0,0,0,0,0,0,0,0,0,0,0,0,0,0,0,0,0,0,0,0,0,0,0,0,0,NA,NA,NA,NA,NA,NA,NA,NA,0,0,0,0,0,100,0,0
"209",31872,"Shahbaz Nadeem","RHB",NA,NA,0,NA,NA,NA,NA,NA,0,NA,NA,NA,NA,NA,0,NA,NA,NA,NA,0,NA,NA,0,0,0,0,0,0,0,0,0,0,0,0,0,0,0,100,0,0,0,0,0,0,0,0,0,0,0,0,0,0,0,0,0,0,0,0,0,0,0,0,0,0,0,0,0,0,0,0,NA,NA,NA,NA,NA,NA,NA,NA,0,0,0,0,0,0,100,0
"210",1138316,"Maheesh Theekshana","RHB",NA,0,NA,NA,NA,NA,NA,0,200,100,NA,NA,NA,NA,NA,0,NA,NA,0,175,0,NA,33.33,0,0,16.67,0,0,100,0,0,0,16.67,16.67,16.67,0,0,0,0,0,0,0,0,0,0,0,0,0,0,0,0,0,0,0,0,0,0,0,0,0,0,0,0,0,0,0,0,0,0,0,0,0,100,0,0,0,0,0,0,0,0,0,0,100,0,0
"211",1163695,"Kuldeep Sen","RHB",NA,NA,NA,NA,NA,NA,0,NA,0,0,NA,NA,NA,NA,NA,NA,NA,NA,0,NA,NA,NA,0,0,0,33.33,33.33,0,0,0,0,0,0,0,0,0,0,0,0,0,0,0,0,0,0,0,0,0,0,0,33.33,0,0,0,0,0,0,0,0,0,0,0,0,0,0,0,0,0,0,0,NA,NA,NA,NA,NA,NA,NA,NA,NA,NA,NA,NA,NA,NA,NA,NA
"212",956871,"Prerak Mankad","RHB",NA,17,NA,12,NA,NA,185.71,106.25,150,109.09,40,200,NA,32,30,NA,NA,0,114.29,142.86,250,NA,9.8,15.69,11.76,13.73,0,15.69,0,33.33,0,8.33,3.92,7.84,3.92,3.92,1.96,0,20.83,4.17,0,0,4.17,0,1.96,12.5,12.5,0,0,1.96,1.96,5.88,0,0,0,0,4.17,0,0,0,0,0,0,0,0,0,0,0,0,0,0,6.67,13.33,6.67,13.33,53.33,0,6.67,0,0,0,0,0,33.33,0,66.67
"213",906783,"Obed McCoy","LHB",NA,NA,NA,NA,NA,NA,NA,266.67,0,NA,NA,0,NA,NA,NA,NA,NA,NA,233.33,50,NA,NA,0,0,0,33.33,0,0,0,0,0,0,0,0,0,33.33,0,0,50,0,0,0,0,0,0,0,0,0,33.33,0,0,0,0,0,0,0,50,0,0,0,0,0,0,0,0,0,0,0,0,0,0,0,0,0,0,100,0,0,NA,NA,NA,NA,NA,NA,NA,NA
"214",1076713,"Cameron Green","RHB",34.67,77,NA,37.67,NA,NA,226.09,150.98,291.67,126.97,83.33,182.35,49,52.67,53,NA,NA,158.06,146.3,166.93,233.33,NA,18.47,11.46,22.29,12.74,5.73,1.27,0.79,16.67,6.35,0.79,1.91,7.64,1.91,9.55,2.55,0.64,25.4,14.29,0,6.35,4.76,0,1.27,11.9,3.17,1.27,0.64,0.64,0,0,0,0,0,0,7.94,1.59,0,0,0,0,0,0,0,0,0,0,0,0,0,3.28,14.75,22.95,18.03,21.31,9.84,9.84,0,0,50,25,0,25,0,0
"215",1244751,"Arshad Khan","LHB",0,3,NA,NA,NA,NA,0,60,NA,NA,NA,NA,NA,2,1,NA,NA,NA,50,50,NA,NA,50,0,50,0,0,0,0,25,0,0,0,0,0,0,0,0,0,0,0,0,0,0,0,50,25,0,0,0,0,0,0,0,0,0,0,0,0,0,0,0,0,0,0,0,0,0,0,0,NA,NA,NA,NA,NA,NA,NA,NA,0,0,100,0,0,0,0,0
"216",974087,"Rahmanullah Gurbaz","RHB",5.67,NA,6,34,NA,2,117.24,186.11,150,91.89,250,100,8,16.33,30.33,0,NA,200,116.67,151.67,0,NA,1.2,7.23,15.66,10.84,6.02,2.41,15.62,18.75,6.25,3.12,9.64,12.05,12.05,8.43,3.61,0,6.25,6.25,0,3.12,6.25,0,6.02,25,6.25,0,0,3.61,0,0,0,3.12,0,0,0,0,0,0,0,0,0,0,0,0,0,1.2,0,0,10.53,5.26,26.32,5.26,36.84,5.26,0,10.53,0,12.5,12.5,12.5,12.5,12.5,12.5,25
"217",605575,"Matthew Short","RHB",21,8,NA,55,NA,NA,131.25,78.05,200,183.33,150,NA,11,29,15.5,NA,NA,220,103.57,119.23,214.29,NA,7.79,3.9,12.99,20.78,9.09,3.9,9.52,52.38,4.76,0,7.79,16.88,3.9,3.9,2.6,0,0,9.52,0,9.52,4.76,0,3.9,9.52,0,0,0,2.6,0,0,0,0,0,0,0,0,0,0,0,0,0,0,0,0,0,0,0,0,15.79,15.79,26.32,5.26,5.26,10.53,15.79,5.26,0,0,50,0,50,0,0,0
"218",1349361,"Mohit Rathee","RHB",NA,NA,NA,NA,NA,NA,NA,0,NA,100,NA,NA,NA,NA,NA,NA,NA,NA,0,100,NA,NA,0,0,0,0,0,0,0,0,0,0,0,50,0,0,0,0,0,0,0,0,0,0,50,0,0,0,0,0,0,0,0,0,0,0,0,0,0,0,0,0,0,0,0,0,0,0,0,0,NA,NA,NA,NA,NA,NA,NA,NA,NA,NA,NA,NA,NA,NA,NA,NA
"219",299572,"Sikandar Raza","RHB",NA,22,6,NA,NA,NA,183.33,104.76,171.43,151.52,50,233.33,NA,NA,36.5,20,NA,33.33,133.33,146,222.22,NA,12.5,4.17,0,16.67,4.17,6.25,5,17.5,7.5,7.5,4.17,16.67,10.42,14.58,0,2.08,5,5,2.5,7.5,2.5,2.08,2.08,15,17.5,0,2.08,2.08,0,0,0,0,0,0,7.5,0,0,0,0,0,0,0,0,0,0,0,0,0,14.29,7.14,28.57,21.43,7.14,14.29,0,7.14,0,33.33,0,0,0,33.33,0,33.33
"220",911707,"Harry Brook","RHB",NA,19,2.5,NA,3,NA,121.21,129.55,83.33,148.39,60,255.56,2,54,24.5,NA,NA,33.33,122.73,144.12,200,NA,17.05,13.64,12.5,3.41,4.55,5.68,4.88,24.39,9.76,4.88,6.82,9.09,4.55,3.41,1.14,3.41,4.88,9.76,0,9.76,2.44,1.14,5.68,14.63,12.2,4.55,0,2.27,1.14,0,0,0,0,0,2.44,0,0,0,0,0,0,0,0,0,0,0,0,0,15.38,0,11.54,3.85,15.38,30.77,19.23,3.85,0,0,33.33,0,0,33.33,33.33,0
"221",348056,"Kyle Mayers","LHB",51,30,41,10.8,NA,NA,154.55,126.76,292.86,90,0,42.86,41,13,51.5,NA,NA,170.83,103.41,139.19,200,NA,9.23,3.08,16.92,16.15,5.38,6.15,2.99,17.91,13.43,1.49,14.62,8.46,5.38,3.85,1.54,1.54,16.42,13.43,0,0,2.99,0,4.62,5.97,13.43,0.77,0,0.77,0.77,0,0,0,1.49,0,5.97,1.49,2.99,0.77,0,0,0,0,0,0,0,0,0,0,12.82,5.13,15.38,23.08,10.26,23.08,2.56,7.69,0,0,0,14.29,57.14,14.29,14.29,0
"222",351588,"Mark Wood","RHB",NA,NA,NA,NA,NA,0,NA,NA,NA,NA,100,0,NA,1,NA,NA,NA,NA,50,NA,NA,NA,0,0,0,0,50,0,0,0,0,0,0,0,0,50,0,0,0,0,0,0,0,0,0,0,0,0,0,0,0,0,0,0,0,0,0,0,0,0,0,0,0,0,0,0,0,0,0,0,NA,NA,NA,NA,NA,NA,NA,NA,NA,NA,NA,NA,NA,NA,NA,NA
"223",1277545,"Abishek Porel","LHB",NA,NA,NA,2,NA,0,100,66.67,0,50,NA,0,NA,1,NA,NA,NA,100,40,60,NA,NA,0,25,12.5,12.5,0,12.5,0,33.33,33.33,0,0,25,0,12.5,0,0,0,0,0,0,0,0,0,33.33,0,0,0,0,0,0,0,0,0,0,0,0,0,0,0,0,0,0,0,0,0,0,0,0,NA,NA,NA,NA,NA,NA,NA,NA,0,0,0,50,50,0,0,0
"224",1292498,"Yash Dhull","RHB",3,5,NA,4,NA,NA,75,41.67,400,66.67,NA,NA,NA,7,4.5,NA,NA,NA,87.5,60,NA,NA,0,0,42.86,14.29,14.29,0,6.25,31.25,12.5,0,14.29,0,0,0,0,0,12.5,6.25,0,0,0,0,14.29,25,0,0,0,0,0,0,0,0,0,0,0,6.25,0,0,0,0,0,0,0,0,0,0,0,0,0,0,0,0,0,0,100,0,0,0,50,0,0,0,50,0
"225",1175488,"Dhruv Jurel","RHB",27,NA,14,7.5,NA,9,216,117.65,155.56,107.14,0,225,NA,44,8.4,NA,NA,280,209.52,113.51,171.43,NA,11.32,5.66,18.87,20.75,1.89,1.89,9.52,23.81,0,4.76,3.77,7.55,3.77,7.55,1.89,0,0,19.05,0,0,0,0,3.77,19.05,14.29,7.55,1.89,1.89,0,0,0,0,0,4.76,0,4.76,0,0,0,0,0,0,0,0,0,0,0,0,14.29,21.43,7.14,21.43,7.14,0,7.14,21.43,20,0,40,20,20,0,0,0
"226",379504,"Adam Zampa","RHB",NA,2,NA,NA,NA,NA,66.67,54.55,NA,100,NA,NA,NA,2,4,NA,NA,NA,66.67,61.54,NA,NA,25,0,0,0,0,0,16.67,16.67,0,0,0,25,0,0,0,0,25,16.67,0,0,0,0,25,0,0,25,0,0,0,0,0,8.33,0,8.33,0,0,8.33,0,0,0,0,0,0,0,0,0,0,0,NA,NA,NA,NA,NA,NA,NA,NA,NA,NA,NA,NA,NA,NA,NA,NA
"227",436757,"Heinrich Klaasen","RHB",38.67,30,NA,NA,16,18.5,232,109.76,295.65,172.46,133.33,246.67,NA,52.5,49.25,6,NA,220,205.88,152.71,120,NA,8.4,4.2,20.17,19.33,3.36,1.68,2.11,23.24,4.93,0.7,3.36,16.81,3.36,6.72,2.52,0,13.38,13.38,2.82,2.82,6.34,0,2.52,9.15,15.49,2.52,0.84,0.84,0,0.84,0,0,0,2.82,2.82,0,0,0.84,1.68,0,0,0,0,0,0,0,0,0,8.77,5.26,35.09,14.04,15.79,10.53,8.77,1.75,0,0,14.29,28.57,28.57,28.57,0,0
"228",1206052,"Yudhvir Singh","RHB",NA,0,NA,1,NA,NA,NA,0,NA,100,NA,NA,NA,NA,0.5,NA,NA,NA,NA,50,NA,NA,0,0,0,50,0,0,0,0,0,0,0,0,0,50,0,0,0,0,0,0,0,0,0,0,0,0,0,0,0,0,0,0,0,0,0,0,0,0,0,0,0,0,0,0,0,0,0,0,NA,NA,NA,NA,NA,NA,NA,NA,0,0,0,100,0,0,0,0
"229",1125958,"Atharva Taide","LHB",26,28.33,NA,19,NA,NA,136.84,157.41,245.45,105.56,60,100,NA,35,22,NA,NA,150,184.21,122.22,0,NA,9.52,5.95,11.9,16.67,7.14,3.57,0,16,0,22,4.76,16.67,7.14,3.57,0,1.19,8,10,0,10,2,2.38,2.38,18,2,1.19,0,5.95,0,0,0,2,2,2,4,0,0,0,0,0,0,2,0,0,0,0,0,0,15.38,7.69,11.54,3.85,11.54,15.38,15.38,19.23,25,0,0,25,25,25,0,0
"230",340854,"Harpreet Singh","LHB",NA,15,NA,NA,2,NA,135.71,75,325,106.25,66.67,500,5,NA,29,NA,NA,100,140.74,116,200,NA,6.06,15.15,0,18.18,12.12,3.03,4,16,24,4,3.03,18.18,3.03,0,6.06,0,12,4,0,0,4,3.03,3.03,20,4,3.03,0,6.06,0,0,4,0,0,4,0,0,0,0,0,0,0,0,0,0,0,0,0,0,9.09,9.09,9.09,9.09,0,18.18,18.18,27.27,0,0,0,0,0,0,100,0
"231",1151273,"Nehal Wadhera","LHB",32,66,NA,15.67,2,24,164.1,110,144.44,174.07,40,184.62,NA,27.67,25.5,8,NA,153.33,122.06,161.9,114.29,NA,6.9,2.3,11.49,20.69,5.75,3.45,7.58,21.21,4.55,1.52,5.75,8.05,6.9,8.05,0,1.15,4.55,13.64,0,3.03,4.55,0,3.45,25.76,6.06,4.6,1.15,3.45,2.3,4.6,1.52,0,3.03,0,3.03,0,0,0,0,0,0,0,0,0,0,0,0,0,6.25,0,15.62,9.38,9.38,15.62,15.62,28.12,40,0,20,0,0,0,20,20
"232",265564,"Wayne Parnell","LHB",1,NA,NA,NA,NA,NA,33.33,NA,NA,50,NA,NA,NA,1,NA,NA,NA,NA,33.33,0,100,NA,16.67,0,33.33,16.67,16.67,0,0,0,0,0,0,0,16.67,0,0,0,0,0,0,0,0,0,0,0,0,0,0,0,0,0,0,0,0,0,0,0,0,0,0,0,0,0,0,0,0,0,0,0,NA,NA,NA,NA,NA,NA,NA,NA,0,0,0,0,100,0,0,0
"233",1081442,"Mayank Markande","RHB",NA,NA,NA,NA,NA,NA,100,116.67,100,333.33,100,NA,NA,NA,NA,NA,NA,NA,62.5,300,400,NA,0,0,11.11,11.11,11.11,0,0,75,0,0,11.11,0,11.11,22.22,0,0,0,0,0,0,0,0,11.11,0,0,0,0,0,0,11.11,0,0,0,0,25,0,0,0,0,0,0,0,0,0,0,0,0,0,0,0,33.33,33.33,33.33,0,0,0,NA,NA,NA,NA,NA,NA,NA,NA
"234",536936,"Litton Das","RHB",NA,NA,0,NA,NA,NA,133.33,NA,0,NA,NA,NA,NA,NA,4,NA,NA,NA,0,133.33,NA,NA,25,0,0,25,50,0,0,0,0,0,0,0,0,0,0,0,0,0,0,0,0,0,0,0,0,0,0,0,0,0,0,0,0,0,0,0,0,0,0,0,0,0,0,0,0,0,0,0,0,0,0,0,0,100,0,0,0,0,100,0,0,0,0,0
"235",669365,"Phil Salt","RHB",25,14.75,25,76,NA,NA,227.27,107.27,227.27,180.95,100,350,5,56,25.5,NA,NA,125,147.37,170,400,NA,18.57,2.86,17.14,25.71,4.29,2.86,3.17,20.63,7.94,1.59,10,4.29,0,5.71,4.29,0,11.11,22.22,0,4.76,4.76,0,1.43,11.11,7.94,0,1.43,0,0,1.43,0,1.59,0,3.17,0,0,0,0,0,0,0,0,0,0,0,0,0,0,8.82,5.88,23.53,11.76,8.82,26.47,2.94,11.76,0,0,0,33.33,16.67,33.33,0,16.67
"236",669855,"Jofra Archer","RHB",NA,NA,NA,NA,NA,NA,200,NA,NA,NA,0,100,NA,NA,NA,NA,NA,NA,100,100,NA,NA,50,0,25,0,0,0,0,0,0,0,0,0,0,0,25,0,0,0,0,0,0,0,0,0,0,0,0,0,0,0,0,0,0,0,0,0,0,0,0,0,0,0,0,0,0,0,0,0,NA,NA,NA,NA,NA,NA,NA,NA,NA,NA,NA,NA,NA,NA,NA,NA
"237",777815,"Vijaykumar Vyshak","RHB",NA,NA,NA,0,NA,NA,100,266.67,NA,0,NA,100,NA,NA,5,NA,NA,100,350,83.33,NA,NA,0,0,28.57,0,0,0,0,50,0,0,0,14.29,0,42.86,0,0,0,0,0,0,0,14.29,0,50,0,0,0,0,0,0,0,0,0,0,0,0,0,0,0,0,0,0,0,0,0,0,0,0,0,0,100,0,0,0,0,0,0,0,100,0,0,0,0,0
"238",1287067,"Abdul Basith","RHB",NA,NA,NA,NA,NA,NA,NA,NA,NA,100,NA,NA,NA,NA,NA,NA,NA,NA,NA,100,NA,NA,0,0,0,100,0,0,0,0,0,0,0,0,0,0,0,0,0,0,0,0,0,0,0,0,0,0,0,0,0,0,0,0,0,0,0,0,0,0,0,0,0,0,0,0,0,0,0,0,NA,NA,NA,NA,NA,NA,NA,NA,NA,NA,NA,NA,NA,NA,NA,NA
"239",221140,"David Wiese","RHB",NA,NA,NA,0,NA,NA,NA,260,350,0,NA,50,NA,NA,14,NA,NA,0,350,200,NA,NA,0,0,28.57,14.29,0,0,0,0,0,33.33,0,0,0,42.86,0,14.29,0,33.33,0,0,0,0,0,33.33,0,0,0,0,0,0,0,0,0,0,0,0,0,0,0,0,0,0,0,0,0,0,0,0,0,0,33.33,33.33,0,0,0,33.33,NA,NA,NA,NA,NA,NA,NA,NA
"240",236779,"Ishant Sharma","RHB",NA,NA,NA,NA,NA,NA,NA,NA,NA,100,NA,NA,NA,NA,NA,NA,NA,NA,NA,100,NA,NA,0,0,0,0,100,0,0,0,0,0,0,0,0,0,0,0,0,0,0,0,0,0,0,0,0,0,0,0,0,0,0,0,0,0,0,0,0,0,0,0,0,0,0,0,0,0,0,0,NA,NA,NA,NA,NA,NA,NA,NA,NA,NA,NA,NA,NA,NA,NA,NA
"241",1148776,"Arjun Tendulkar","LHB",NA,0,NA,NA,NA,NA,133.33,0,600,100,NA,NA,NA,NA,5,NA,NA,NA,266.67,83.33,NA,NA,11.11,22.22,0,22.22,0,0,0,0,0,0,0,0,11.11,33.33,0,0,0,0,0,0,0,0,0,0,0,0,0,0,0,0,0,0,0,0,0,0,0,0,0,0,0,0,0,0,0,0,0,0,0,0,0,0,0,0,100,0,0,0,0,0,100,0,0,0
"242",272477,"Jason Behrendorff","RHB",NA,NA,NA,NA,NA,NA,100,33.33,0,100,100,NA,NA,NA,NA,NA,NA,NA,60,75,NA,NA,22.22,0,33.33,0,0,0,0,0,0,0,0,0,11.11,11.11,11.11,0,0,0,0,0,0,0,0,0,0,11.11,0,0,0,0,0,0,0,0,0,0,0,0,0,0,0,0,0,0,0,0,0,0,NA,NA,NA,NA,NA,NA,NA,NA,NA,NA,NA,NA,NA,NA,NA,NA
"243",530812,"Akeal Hosein","LHB",NA,NA,NA,NA,NA,NA,100,325,NA,33.33,50,NA,NA,NA,NA,NA,NA,150,171.43,100,NA,NA,0,18.18,9.09,18.18,0,0,0,0,0,0,27.27,9.09,0,18.18,0,0,0,0,0,0,0,0,0,0,0,0,0,0,0,0,0,0,0,0,0,0,0,0,0,0,0,0,0,0,0,0,0,0,50,0,0,0,0,0,50,0,NA,NA,NA,NA,NA,NA,NA,NA
"244",30288,"Karn Sharma","LHB",NA,NA,0,NA,NA,NA,NA,NA,0,200,NA,NA,NA,0,NA,NA,NA,NA,0,200,NA,NA,0,50,0,0,0,50,0,0,0,0,0,0,0,0,0,0,0,0,0,0,0,0,0,0,0,0,0,0,0,0,0,0,0,0,0,0,0,0,0,0,0,0,0,0,0,0,0,0,NA,NA,NA,NA,NA,NA,NA,NA,0,100,0,0,0,0,0,0
"245",31107,"Amit Mishra","RHB",NA,4,NA,NA,NA,NA,33.33,28.57,166.67,42.86,100,250,NA,9,NA,NA,NA,NA,90,50,NA,NA,0,23.53,5.88,17.65,5.88,5.88,54.55,0,0,18.18,11.76,11.76,0,17.65,0,0,9.09,0,0,0,0,0,0,9.09,0,0,0,0,0,0,0,0,0,9.09,0,0,0,0,0,0,0,0,0,0,0,0,0,0,50,0,0,0,0,0,0,50,100,0,0,0,0,0,0,0
"246",793447,"Naveen-ul-Haq","RHB",NA,NA,1,NA,NA,NA,66.67,42.86,33.33,100,150,NA,NA,NA,12,NA,NA,NA,37.5,100,100,NA,11.76,11.76,0,0,23.53,0,0,0,33.33,33.33,17.65,11.76,11.76,5.88,0,0,0,0,0,0,0,0,5.88,33.33,0,0,0,0,0,0,0,0,0,0,0,0,0,0,0,0,0,0,0,0,0,0,0,0,50,0,0,0,0,50,0,0,0,0,0,0,0,0,0,100
"247",318845,"Rilee Rossouw","LHB",31,56,6,NA,NA,NA,182.35,116.67,300,170,33.33,600,NA,26.67,67,NA,NA,283.33,153.85,139.58,50,NA,20.83,8.33,12.5,16.67,6.25,2.08,15.15,13.64,7.58,1.52,10.42,8.33,2.08,0,2.08,0,16.67,10.61,4.55,1.52,1.52,0,0,9.09,4.55,6.25,0,0,0,2.08,4.55,0,1.52,3.03,1.52,3.03,0,0,0,0,0,0,0,0,0,2.08,0,0,4.55,9.09,13.64,27.27,9.09,13.64,18.18,4.55,33.33,0,0,0,33.33,33.33,0,0
"248",232292,"Swapnil Singh","RHB",NA,NA,NA,NA,NA,NA,50,50,NA,NA,NA,NA,NA,NA,NA,NA,NA,100,50,0,NA,NA,0,0,0,0,0,0,0,0,33.33,33.33,0,100,0,0,0,0,0,0,0,0,0,0,0,0,0,0,0,0,0,0,0,0,0,0,33.33,0,0,0,0,0,0,0,0,0,0,0,0,0,NA,NA,NA,NA,NA,NA,NA,NA,NA,NA,NA,NA,NA,NA,NA,NA
"249",784379,"Wanindu Hasaranga","RHB",NA,NA,NA,NA,NA,NA,200,0,NA,NA,100,233.33,NA,NA,NA,NA,NA,NA,133.33,133.33,200,NA,0,0,25,0,12.5,25,0,0,0,0,0,0,0,12.5,12.5,0,0,0,0,0,0,0,12.5,0,0,0,0,0,0,0,0,0,0,0,0,0,0,0,0,0,0,0,0,0,0,0,0,0,0,0,0,0,0,0,50,50,NA,NA,NA,NA,NA,NA,NA,NA
"250",822553,"Tushar Deshpande","LHB",NA,NA,NA,NA,NA,NA,NA,0,NA,NA,NA,NA,NA,NA,NA,NA,NA,NA,NA,0,NA,NA,0,0,0,0,0,0,0,0,0,0,0,0,0,100,0,0,0,0,0,0,0,0,0,0,0,0,0,0,0,0,0,0,0,0,0,0,0,0,0,0,0,0,0,0,0,0,0,0,NA,NA,NA,NA,NA,NA,NA,NA,NA,NA,NA,NA,NA,NA,NA,NA
"251",732293,"Vishnu Vinod","RHB",NA,10,8,NA,NA,0,80,90.91,200,175,0,0,3,NA,13.5,NA,NA,75,80,142.11,100,NA,8.33,8.33,16.67,29.17,8.33,4.17,0,37.5,12.5,25,0,0,0,16.67,0,0,0,0,0,12.5,0,0,4.17,0,0,0,0,0,0,0,0,0,0,12.5,0,0,0,4.17,0,0,0,0,0,0,0,0,0,0,0,25,0,25,0,25,0,25,0,66.67,0,0,0,33.33,0,0
"252",1182529,"Noor Ahmad","RHB",4,1,NA,NA,NA,NA,133.33,33.33,100,100,NA,100,NA,2,NA,0,NA,0,66.67,150,0,NA,0,0,16.67,16.67,0,0,0,0,33.33,0,0,33.33,0,33.33,0,0,0,33.33,0,33.33,0,0,0,0,0,0,0,0,0,0,0,0,0,0,0,0,0,0,0,0,0,0,0,0,0,0,0,0,0,0,0,0,0,0,0,100,NA,NA,NA,NA,NA,NA,NA,NA
"253",777515,"Praveen Dubey","RHB",6,NA,NA,NA,NA,NA,75,20,NA,133.33,100,NA,NA,8,NA,NA,NA,100,80,37.5,400,NA,0,12.5,12.5,12.5,0,12.5,8.33,16.67,0,8.33,0,12.5,0,0,12.5,0,16.67,0,0,0,8.33,0,12.5,8.33,0,12.5,0,0,0,0,8.33,0,8.33,0,0,0,16.67,0,0,0,0,0,0,0,0,0,0,0,0,0,0,0,0,0,0,100,NA,NA,NA,NA,NA,NA,NA,NA
"254",926851,"Mukesh Kumar","RHB",NA,NA,NA,NA,NA,NA,100,66.67,NA,100,100,100,NA,NA,NA,NA,NA,100,100,66.67,NA,NA,0,0,0,25,0,0,0,0,0,0,0,12.5,0,50,0,0,0,0,0,0,0,0,0,0,0,0,0,12.5,0,0,0,0,0,0,0,0,0,0,0,0,0,0,0,0,0,0,0,0,NA,NA,NA,NA,NA,NA,NA,NA,NA,NA,NA,NA,NA,NA,NA,NA
"255",326968,"Michael Bracewell","LHB",NA,NA,NA,NA,NA,1,150,116.67,400,175,66.67,33.33,NA,20,NA,NA,NA,100,117.65,111.11,400,NA,10,5,10,20,0,0,0,36.36,0,0,5,10,0,15,15,0,9.09,0,0,0,18.18,0,5,36.36,0,0,0,0,0,0,0,0,0,0,0,0,0,0,0,0,0,0,5,0,0,0,0,0,0,20,20,40,0,20,0,0,0,0,0,0,0,100,0,0
"256",303669,"Joe Root","RHB",0,NA,NA,NA,NA,NA,0,140,66.67,0,NA,100,NA,0,NA,NA,NA,100,0,75,NA,NA,0,0,0,30.77,7.69,0,0,0,0,0,15.38,46.15,0,0,0,0,0,0,0,0,0,0,0,100,0,0,0,0,0,0,0,0,0,0,0,0,0,0,0,0,0,0,0,0,0,0,0,0,100,0,0,0,0,0,0,0,NA,NA,NA,NA,NA,NA,NA,NA
"257",1083030,"KM Asif","RHB",0,NA,NA,NA,NA,NA,0,0,NA,NA,NA,NA,NA,0,NA,NA,NA,NA,0,NA,NA,NA,0,0,0,0,0,0,50,0,0,0,0,0,0,0,0,0,0,0,0,50,0,0,0,0,0,0,0,0,0,0,0,0,0,0,0,0,0,0,0,0,0,0,0,0,0,0,0,0,NA,NA,NA,NA,NA,NA,NA,NA,0,0,0,100,0,0,0,0
"258",437316,"Dasun Shanaka","RHB",14,2,NA,NA,NA,NA,233.33,20,50,75,100,250,NA,NA,4.5,NA,NA,50,150,75,100,NA,0,20,30,10,10,0,12.5,37.5,6.25,0,0,0,0,10,0,10,6.25,18.75,0,0,0,0,0,12.5,0,10,0,0,0,0,0,0,0,6.25,0,0,0,0,0,0,0,0,0,0,0,0,0,0,0,0,66.67,0,33.33,0,0,0,0,0,50,0,0,0,0,50
"259",537119,"Mohit Sharma","RHB",NA,NA,NA,NA,NA,NA,0,NA,NA,NA,NA,NA,NA,NA,NA,NA,NA,NA,NA,NA,0,NA,0,0,100,0,0,0,0,0,0,0,0,0,0,0,0,0,0,0,0,0,0,0,0,0,0,0,0,0,0,0,0,0,0,0,0,0,0,0,0,0,0,0,0,0,0,0,0,0,NA,NA,NA,NA,NA,NA,NA,NA,NA,NA,NA,NA,NA,NA,NA,NA
"260",1132219,"Sanvir Singh","RHB",NA,NA,6,NA,NA,NA,0,100,300,0,NA,400,NA,NA,6,NA,NA,200,100,100,NA,NA,0,12.5,0,12.5,0,0,0,100,0,0,12.5,25,0,37.5,0,0,0,0,0,0,0,0,0,0,0,0,0,0,0,0,0,0,0,0,0,0,0,0,0,0,0,0,0,0,0,0,0,0,50,0,50,0,0,0,0,0,0,0,0,0,0,0,0,100
"261",1252370,"Vivrant Sharma","LHB",NA,NA,1,NA,NA,NA,250,125,33.33,157.14,NA,0,NA,31,NA,NA,NA,166.67,206.67,107.69,NA,NA,13.79,6.9,6.9,10.34,0,3.45,5.26,0,5.26,10.53,10.34,13.79,10.34,6.9,0,0,21.05,10.53,0,5.26,10.53,0,6.9,0,15.79,10.34,0,0,0,0,5.26,0,0,0,10.53,0,0,0,0,0,0,0,0,0,0,0,0,0,9.09,0,18.18,27.27,9.09,18.18,0,18.18,0,0,0,0,0,100,0,0
"262",1111917,"Darshan Nalkande","RHB",0,NA,NA,NA,NA,NA,0,NA,NA,NA,NA,NA,NA,NA,0,NA,NA,NA,NA,0,NA,NA,0,0,100,0,0,0,0,0,0,0,0,0,0,0,0,0,0,0,0,0,0,0,0,0,0,0,0,0,0,0,0,0,0,0,0,0,0,0,0,0,0,0,0,0,0,0,0,0,NA,NA,NA,NA,NA,NA,NA,NA,NA,NA,NA,NA,NA,NA,NA,NA
